id,modulo_id,titulo,ordem_aula,duracao_minutos,tipo
1,1,Aula 1,1,23,quiz
2,1,Aula 2,2,15,video
3,1,Aula 3,3,10,texto
4,1,Aula 4,4,21,texto
5,1,Aula 5,5,20,texto
6,1,Aula 6,6,20,video
7,1,Aula 7,7,7,texto
8,1,Aula 8,8,21,texto
9,2,Aula 1,1,11,quiz
10,2,Aula 2,2,16,video
11,2,Aula 3,3,6,texto
12,2,Aula 4,4,20,quiz
13,2,Aula 5,5,25,quiz
14,2,Aula 6,6,20,texto
15,2,Aula 7,7,22,video
16,3,Aula 1,1,18,video
17,3,Aula 2,2,13,quiz
18,3,Aula 3,3,16,texto
19,3,Aula 4,4,16,video
20,3,Aula 5,5,17,video
21,3,Aula 6,6,23,quiz
22,4,Aula 1,1,16,quiz
23,4,Aula 2,2,14,video
24,4,Aula 3,3,17,quiz
25,4,Aula 4,4,19,quiz
26,4,Aula 5,5,13,quiz
27,4,Aula 6,6,24,video
28,4,Aula 7,7,9,video
29,5,Aula 1,1,16,texto
30,5,Aula 2,2,22,texto
31,5,Aula 3,3,9,video
32,5,Aula 4,4,24,quiz
33,5,Aula 5,5,17,quiz
34,5,Aula 6,6,6,video
35,5,Aula 7,7,6,video
36,5,Aula 8,8,15,texto
37,5,Aula 9,9,21,texto
38,6,Aula 1,1,24,quiz
39,6,Aula 2,2,9,texto
40,6,Aula 3,3,24,texto
41,6,Aula 4,4,10,texto
42,6,Aula 5,5,24,quiz
43,6,Aula 6,6,14,quiz
44,6,Aula 7,7,15,quiz
45,7,Aula 1,1,23,texto
46,7,Aula 2,2,20,video
47,7,Aula 3,3,16,texto
48,7,Aula 4,4,8,texto
49,7,Aula 5,5,23,texto
50,7,Aula 6,6,25,video
51,7,Aula 7,7,24,texto
52,7,Aula 8,8,13,quiz
53,7,Aula 9,9,23,quiz
54,8,Aula 1,1,6,quiz
55,8,Aula 2,2,20,video
56,8,Aula 3,3,21,quiz
57,8,Aula 4,4,24,texto
58,8,Aula 5,5,9,quiz
59,8,Aula 6,6,12,video
60,8,Aula 7,7,23,quiz
61,9,Aula 1,1,11,video
62,9,Aula 2,2,19,texto
63,9,Aula 3,3,18,video
64,9,Aula 4,4,18,quiz
65,9,Aula 5,5,11,texto
66,9,Aula 6,6,21,quiz
67,10,Aula 1,1,6,quiz
68,10,Aula 2,2,9,quiz
69,10,Aula 3,3,11,quiz
70,10,Aula 4,4,15,quiz
71,10,Aula 5,5,20,quiz
72,10,Aula 6,6,17,texto
73,10,Aula 7,7,10,texto
74,10,Aula 8,8,22,texto
75,10,Aula 9,9,22,texto
76,11,Aula 1,1,24,texto
77,11,Aula 2,2,11,video
78,11,Aula 3,3,13,quiz
79,11,Aula 4,4,14,video
80,11,Aula 5,5,14,texto
81,11,Aula 6,6,11,quiz
82,11,Aula 7,7,20,texto
83,11,Aula 8,8,20,texto
84,12,Aula 1,1,14,video
85,12,Aula 2,2,23,quiz
86,12,Aula 3,3,22,texto
87,12,Aula 4,4,17,texto
88,12,Aula 5,5,9,texto
89,12,Aula 6,6,6,texto
90,12,Aula 7,7,7,texto
91,12,Aula 8,8,19,quiz
92,13,Aula 1,1,20,video
93,13,Aula 2,2,11,quiz
94,13,Aula 3,3,13,quiz
95,13,Aula 4,4,13,video
96,13,Aula 5,5,8,quiz
97,13,Aula 6,6,23,video
98,13,Aula 7,7,12,video
99,13,Aula 8,8,21,video
100,14,Aula 1,1,6,video
101,14,Aula 2,2,18,texto
102,14,Aula 3,3,20,video
103,14,Aula 4,4,9,video
104,14,Aula 5,5,22,video
105,14,Aula 6,6,18,quiz
106,14,Aula 7,7,20,texto
107,15,Aula 1,1,14,texto
108,15,Aula 2,2,14,quiz
109,15,Aula 3,3,6,video
110,15,Aula 4,4,25,quiz
111,15,Aula 5,5,12,quiz
112,15,Aula 6,6,6,video
113,15,Aula 7,7,18,video
114,16,Aula 1,1,17,texto
115,16,Aula 2,2,10,quiz
116,16,Aula 3,3,14,video
117,16,Aula 4,4,5,texto
118,16,Aula 5,5,23,quiz
119,16,Aula 6,6,8,texto
120,17,Aula 1,1,19,quiz
121,17,Aula 2,2,22,quiz
122,17,Aula 3,3,20,video
123,17,Aula 4,4,21,texto
124,17,Aula 5,5,13,video
125,17,Aula 6,6,8,texto
126,17,Aula 7,7,10,quiz
127,17,Aula 8,8,19,quiz
128,18,Aula 1,1,10,video
129,18,Aula 2,2,15,texto
130,18,Aula 3,3,23,quiz
131,18,Aula 4,4,11,video
132,18,Aula 5,5,24,quiz
133,18,Aula 6,6,17,texto
134,18,Aula 7,7,21,texto
135,18,Aula 8,8,7,texto
136,19,Aula 1,1,10,video
137,19,Aula 2,2,20,texto
138,19,Aula 3,3,12,video
139,19,Aula 4,4,13,texto
140,19,Aula 5,5,12,texto
141,19,Aula 6,6,13,texto
142,20,Aula 1,1,23,quiz
143,20,Aula 2,2,23,video
144,20,Aula 3,3,13,quiz
145,20,Aula 4,4,16,quiz
146,20,Aula 5,5,12,video
147,20,Aula 6,6,8,texto
148,20,Aula 7,7,14,video
149,20,Aula 8,8,17,quiz
150,21,Aula 1,1,8,quiz
151,21,Aula 2,2,14,texto
152,21,Aula 3,3,24,video
153,21,Aula 4,4,12,video
154,21,Aula 5,5,20,video
155,21,Aula 6,6,19,quiz
156,21,Aula 7,7,24,texto
157,21,Aula 8,8,18,quiz
158,22,Aula 1,1,22,quiz
159,22,Aula 2,2,11,video
160,22,Aula 3,3,24,video
161,22,Aula 4,4,21,texto
162,22,Aula 5,5,21,quiz
163,22,Aula 6,6,16,video
164,22,Aula 7,7,23,video
165,22,Aula 8,8,6,quiz
166,22,Aula 9,9,21,video
167,23,Aula 1,1,10,texto
168,23,Aula 2,2,21,texto
169,23,Aula 3,3,8,quiz
170,23,Aula 4,4,11,quiz
171,23,Aula 5,5,23,texto
172,23,Aula 6,6,7,quiz
173,23,Aula 7,7,19,video
174,24,Aula 1,1,9,quiz
175,24,Aula 2,2,18,texto
176,24,Aula 3,3,23,video
177,24,Aula 4,4,22,texto
178,24,Aula 5,5,14,quiz
179,24,Aula 6,6,5,texto
180,24,Aula 7,7,13,video
181,24,Aula 8,8,11,quiz
182,24,Aula 9,9,7,video
183,25,Aula 1,1,16,quiz
184,25,Aula 2,2,7,quiz
185,25,Aula 3,3,6,video
186,25,Aula 4,4,20,video
187,25,Aula 5,5,14,texto
188,25,Aula 6,6,10,video
189,25,Aula 7,7,25,quiz
190,25,Aula 8,8,25,texto
191,25,Aula 9,9,16,texto
192,26,Aula 1,1,17,texto
193,26,Aula 2,2,7,quiz
194,26,Aula 3,3,22,video
195,26,Aula 4,4,25,texto
196,26,Aula 5,5,8,video
197,26,Aula 6,6,22,texto
198,26,Aula 7,7,21,video
199,26,Aula 8,8,12,video
200,26,Aula 9,9,5,texto
201,27,Aula 1,1,22,texto
202,27,Aula 2,2,22,texto
203,27,Aula 3,3,12,video
204,27,Aula 4,4,19,texto
205,27,Aula 5,5,9,texto
206,27,Aula 6,6,11,quiz
207,27,Aula 7,7,8,video
208,27,Aula 8,8,18,quiz
209,27,Aula 9,9,5,video
210,28,Aula 1,1,7,video
211,28,Aula 2,2,24,video
212,28,Aula 3,3,19,quiz
213,28,Aula 4,4,6,video
214,28,Aula 5,5,6,texto
215,28,Aula 6,6,19,video
216,28,Aula 7,7,22,video
217,29,Aula 1,1,9,quiz
218,29,Aula 2,2,14,video
219,29,Aula 3,3,23,texto
220,29,Aula 4,4,23,quiz
221,29,Aula 5,5,15,video
222,29,Aula 6,6,14,video
223,30,Aula 1,1,18,texto
224,30,Aula 2,2,13,video
225,30,Aula 3,3,22,quiz
226,30,Aula 4,4,10,quiz
227,30,Aula 5,5,18,quiz
228,30,Aula 6,6,20,video
229,30,Aula 7,7,16,quiz
230,31,Aula 1,1,21,texto
231,31,Aula 2,2,18,texto
232,31,Aula 3,3,9,texto
233,31,Aula 4,4,17,video
234,31,Aula 5,5,22,texto
235,31,Aula 6,6,12,video
236,31,Aula 7,7,14,quiz
237,31,Aula 8,8,9,texto
238,31,Aula 9,9,6,quiz
239,32,Aula 1,1,18,quiz
240,32,Aula 2,2,21,video
241,32,Aula 3,3,17,video
242,32,Aula 4,4,13,video
243,32,Aula 5,5,15,quiz
244,32,Aula 6,6,7,texto
245,32,Aula 7,7,16,video
246,32,Aula 8,8,22,quiz
247,32,Aula 9,9,11,video
248,33,Aula 1,1,17,quiz
249,33,Aula 2,2,24,quiz
250,33,Aula 3,3,6,video
251,33,Aula 4,4,11,quiz
252,33,Aula 5,5,22,video
253,33,Aula 6,6,20,video
254,33,Aula 7,7,15,texto
255,33,Aula 8,8,5,video
256,34,Aula 1,1,8,quiz
257,34,Aula 2,2,20,video
258,34,Aula 3,3,24,quiz
259,34,Aula 4,4,11,texto
260,34,Aula 5,5,12,quiz
261,34,Aula 6,6,15,texto
262,34,Aula 7,7,17,texto
263,35,Aula 1,1,14,texto
264,35,Aula 2,2,16,quiz
265,35,Aula 3,3,20,texto
266,35,Aula 4,4,8,quiz
267,35,Aula 5,5,20,texto
268,35,Aula 6,6,11,texto
269,35,Aula 7,7,15,texto
270,35,Aula 8,8,6,quiz
271,36,Aula 1,1,9,video
272,36,Aula 2,2,13,quiz
273,36,Aula 3,3,23,quiz
274,36,Aula 4,4,18,texto
275,36,Aula 5,5,9,video
276,36,Aula 6,6,15,video
277,36,Aula 7,7,17,quiz
278,37,Aula 1,1,20,quiz
279,37,Aula 2,2,25,quiz
280,37,Aula 3,3,15,texto
281,37,Aula 4,4,20,quiz
282,37,Aula 5,5,25,quiz
283,37,Aula 6,6,20,texto
284,37,Aula 7,7,10,quiz
285,38,Aula 1,1,10,video
286,38,Aula 2,2,22,texto
287,38,Aula 3,3,10,quiz
288,38,Aula 4,4,25,video
289,38,Aula 5,5,21,video
290,38,Aula 6,6,7,quiz
291,38,Aula 7,7,6,video
292,38,Aula 8,8,18,video
293,39,Aula 1,1,7,quiz
294,39,Aula 2,2,9,video
295,39,Aula 3,3,11,quiz
296,39,Aula 4,4,19,texto
297,39,Aula 5,5,6,quiz
298,39,Aula 6,6,25,quiz
299,39,Aula 7,7,24,texto
300,40,Aula 1,1,5,video
301,40,Aula 2,2,22,quiz
302,40,Aula 3,3,18,video
303,40,Aula 4,4,5,quiz
304,40,Aula 5,5,13,quiz
305,40,Aula 6,6,14,video
306,40,Aula 7,7,21,quiz
307,40,Aula 8,8,18,video
308,40,Aula 9,9,8,video
309,41,Aula 1,1,12,video
310,41,Aula 2,2,24,quiz
311,41,Aula 3,3,13,texto
312,41,Aula 4,4,13,texto
313,41,Aula 5,5,7,texto
314,41,Aula 6,6,17,texto
315,41,Aula 7,7,23,video
316,42,Aula 1,1,14,quiz
317,42,Aula 2,2,7,quiz
318,42,Aula 3,3,25,video
319,42,Aula 4,4,7,texto
320,42,Aula 5,5,17,texto
321,42,Aula 6,6,22,texto
322,42,Aula 7,7,6,quiz
323,43,Aula 1,1,10,video
324,43,Aula 2,2,20,texto
325,43,Aula 3,3,25,texto
326,43,Aula 4,4,23,video
327,43,Aula 5,5,21,video
328,43,Aula 6,6,12,video
329,44,Aula 1,1,13,video
330,44,Aula 2,2,7,quiz
331,44,Aula 3,3,13,quiz
332,44,Aula 4,4,23,quiz
333,44,Aula 5,5,6,video
334,44,Aula 6,6,15,video
335,44,Aula 7,7,11,quiz
336,44,Aula 8,8,9,quiz
337,44,Aula 9,9,17,video
338,45,Aula 1,1,10,quiz
339,45,Aula 2,2,12,quiz
340,45,Aula 3,3,17,quiz
341,45,Aula 4,4,22,texto
342,45,Aula 5,5,17,quiz
343,45,Aula 6,6,9,quiz
344,45,Aula 7,7,7,quiz
345,45,Aula 8,8,16,video
346,46,Aula 1,1,18,video
347,46,Aula 2,2,7,texto
348,46,Aula 3,3,24,quiz
349,46,Aula 4,4,24,texto
350,46,Aula 5,5,15,video
351,46,Aula 6,6,25,texto
352,47,Aula 1,1,20,video
353,47,Aula 2,2,16,quiz
354,47,Aula 3,3,17,texto
355,47,Aula 4,4,10,quiz
356,47,Aula 5,5,23,quiz
357,47,Aula 6,6,17,video
358,47,Aula 7,7,24,texto
359,47,Aula 8,8,12,quiz
360,47,Aula 9,9,7,video
361,48,Aula 1,1,9,texto
362,48,Aula 2,2,25,video
363,48,Aula 3,3,17,texto
364,48,Aula 4,4,16,video
365,48,Aula 5,5,7,video
366,48,Aula 6,6,14,texto
367,48,Aula 7,7,16,texto
368,48,Aula 8,8,8,video
369,49,Aula 1,1,10,texto
370,49,Aula 2,2,19,quiz
371,49,Aula 3,3,22,quiz
372,49,Aula 4,4,18,video
373,49,Aula 5,5,5,video
374,49,Aula 6,6,16,quiz
375,50,Aula 1,1,24,quiz
376,50,Aula 2,2,15,texto
377,50,Aula 3,3,5,texto
378,50,Aula 4,4,18,texto
379,50,Aula 5,5,7,quiz
380,50,Aula 6,6,22,video
381,51,Aula 1,1,17,video
382,51,Aula 2,2,9,texto
383,51,Aula 3,3,14,texto
384,51,Aula 4,4,20,video
385,51,Aula 5,5,7,video
386,51,Aula 6,6,18,texto
387,51,Aula 7,7,18,texto
388,52,Aula 1,1,7,texto
389,52,Aula 2,2,13,video
390,52,Aula 3,3,25,texto
391,52,Aula 4,4,24,quiz
392,52,Aula 5,5,11,texto
393,52,Aula 6,6,8,video
394,52,Aula 7,7,14,video
395,52,Aula 8,8,17,texto
396,52,Aula 9,9,24,texto
397,53,Aula 1,1,19,texto
398,53,Aula 2,2,18,quiz
399,53,Aula 3,3,24,video
400,53,Aula 4,4,14,texto
401,53,Aula 5,5,24,quiz
402,53,Aula 6,6,11,texto
403,53,Aula 7,7,15,video
404,53,Aula 8,8,17,texto
405,54,Aula 1,1,25,texto
406,54,Aula 2,2,23,video
407,54,Aula 3,3,15,texto
408,54,Aula 4,4,13,texto
409,54,Aula 5,5,16,video
410,54,Aula 6,6,23,video
411,54,Aula 7,7,23,quiz
412,54,Aula 8,8,10,quiz
413,55,Aula 1,1,19,quiz
414,55,Aula 2,2,11,texto
415,55,Aula 3,3,14,quiz
416,55,Aula 4,4,7,texto
417,55,Aula 5,5,20,video
418,55,Aula 6,6,25,texto
419,56,Aula 1,1,13,quiz
420,56,Aula 2,2,9,quiz
421,56,Aula 3,3,18,texto
422,56,Aula 4,4,7,texto
423,56,Aula 5,5,24,texto
424,56,Aula 6,6,23,texto
425,56,Aula 7,7,22,quiz
426,57,Aula 1,1,22,video
427,57,Aula 2,2,16,quiz
428,57,Aula 3,3,22,quiz
429,57,Aula 4,4,25,video
430,57,Aula 5,5,8,video
431,57,Aula 6,6,16,video
432,57,Aula 7,7,25,quiz
433,57,Aula 8,8,6,quiz
434,57,Aula 9,9,25,quiz
435,58,Aula 1,1,15,texto
436,58,Aula 2,2,8,video
437,58,Aula 3,3,8,texto
438,58,Aula 4,4,12,quiz
439,58,Aula 5,5,21,quiz
440,58,Aula 6,6,23,quiz
441,58,Aula 7,7,23,video
442,58,Aula 8,8,19,texto
443,58,Aula 9,9,17,texto
444,59,Aula 1,1,16,video
445,59,Aula 2,2,20,video
446,59,Aula 3,3,14,texto
447,59,Aula 4,4,7,video
448,59,Aula 5,5,9,texto
449,59,Aula 6,6,14,texto
450,59,Aula 7,7,19,video
451,60,Aula 1,1,16,texto
452,60,Aula 2,2,8,texto
453,60,Aula 3,3,19,texto
454,60,Aula 4,4,7,texto
455,60,Aula 5,5,6,quiz
456,60,Aula 6,6,8,video
457,60,Aula 7,7,15,quiz
458,60,Aula 8,8,8,quiz
459,60,Aula 9,9,10,quiz
460,61,Aula 1,1,21,video
461,61,Aula 2,2,22,video
462,61,Aula 3,3,15,quiz
463,61,Aula 4,4,18,texto
464,61,Aula 5,5,12,texto
465,61,Aula 6,6,25,video
466,61,Aula 7,7,10,quiz
467,62,Aula 1,1,17,video
468,62,Aula 2,2,24,video
469,62,Aula 3,3,19,quiz
470,62,Aula 4,4,18,texto
471,62,Aula 5,5,5,quiz
472,62,Aula 6,6,11,video
473,62,Aula 7,7,13,quiz
474,62,Aula 8,8,7,quiz
475,62,Aula 9,9,8,quiz
476,63,Aula 1,1,16,texto
477,63,Aula 2,2,11,texto
478,63,Aula 3,3,8,texto
479,63,Aula 4,4,20,quiz
480,63,Aula 5,5,25,texto
481,63,Aula 6,6,24,texto
482,63,Aula 7,7,24,texto
483,64,Aula 1,1,16,texto
484,64,Aula 2,2,19,quiz
485,64,Aula 3,3,10,quiz
486,64,Aula 4,4,14,quiz
487,64,Aula 5,5,23,video
488,64,Aula 6,6,9,texto
489,65,Aula 1,1,12,texto
490,65,Aula 2,2,8,video
491,65,Aula 3,3,16,quiz
492,65,Aula 4,4,9,quiz
493,65,Aula 5,5,17,texto
494,65,Aula 6,6,24,video
495,66,Aula 1,1,18,video
496,66,Aula 2,2,20,quiz
497,66,Aula 3,3,22,quiz
498,66,Aula 4,4,25,video
499,66,Aula 5,5,22,video
500,66,Aula 6,6,20,texto
501,66,Aula 7,7,9,video
502,66,Aula 8,8,15,texto
503,66,Aula 9,9,24,video
504,67,Aula 1,1,5,texto
505,67,Aula 2,2,9,video
506,67,Aula 3,3,17,quiz
507,67,Aula 4,4,21,quiz
508,67,Aula 5,5,20,texto
509,67,Aula 6,6,20,texto
510,67,Aula 7,7,19,texto
511,67,Aula 8,8,10,video
512,68,Aula 1,1,12,texto
513,68,Aula 2,2,6,texto
514,68,Aula 3,3,12,quiz
515,68,Aula 4,4,14,video
516,68,Aula 5,5,19,quiz
517,68,Aula 6,6,20,quiz
518,69,Aula 1,1,23,video
519,69,Aula 2,2,13,quiz
520,69,Aula 3,3,16,quiz
521,69,Aula 4,4,6,quiz
522,69,Aula 5,5,19,quiz
523,69,Aula 6,6,11,texto
524,70,Aula 1,1,25,video
525,70,Aula 2,2,14,video
526,70,Aula 3,3,19,texto
527,70,Aula 4,4,16,video
528,70,Aula 5,5,19,video
529,70,Aula 6,6,12,video
530,71,Aula 1,1,24,quiz
531,71,Aula 2,2,18,video
532,71,Aula 3,3,24,video
533,71,Aula 4,4,11,video
534,71,Aula 5,5,6,quiz
535,71,Aula 6,6,16,quiz
536,71,Aula 7,7,13,quiz
537,71,Aula 8,8,22,video
538,72,Aula 1,1,14,texto
539,72,Aula 2,2,23,texto
540,72,Aula 3,3,21,quiz
541,72,Aula 4,4,8,video
542,72,Aula 5,5,18,video
543,72,Aula 6,6,13,quiz
544,72,Aula 7,7,9,quiz
545,72,Aula 8,8,9,video
546,73,Aula 1,1,15,video
547,73,Aula 2,2,17,texto
548,73,Aula 3,3,9,quiz
549,73,Aula 4,4,25,texto
550,73,Aula 5,5,25,texto
551,73,Aula 6,6,17,texto
552,73,Aula 7,7,7,quiz
553,74,Aula 1,1,17,quiz
554,74,Aula 2,2,13,quiz
555,74,Aula 3,3,16,texto
556,74,Aula 4,4,20,texto
557,74,Aula 5,5,23,video
558,74,Aula 6,6,7,quiz
559,75,Aula 1,1,25,quiz
560,75,Aula 2,2,16,video
561,75,Aula 3,3,22,texto
562,75,Aula 4,4,11,texto
563,75,Aula 5,5,11,texto
564,75,Aula 6,6,13,texto
565,75,Aula 7,7,14,texto
566,75,Aula 8,8,22,quiz
567,75,Aula 9,9,9,quiz
568,76,Aula 1,1,15,quiz
569,76,Aula 2,2,6,video
570,76,Aula 3,3,8,quiz
571,76,Aula 4,4,19,video
572,76,Aula 5,5,8,video
573,76,Aula 6,6,19,texto
574,76,Aula 7,7,5,texto
575,76,Aula 8,8,11,quiz
576,76,Aula 9,9,9,quiz
577,77,Aula 1,1,10,texto
578,77,Aula 2,2,7,quiz
579,77,Aula 3,3,16,texto
580,77,Aula 4,4,7,texto
581,77,Aula 5,5,25,video
582,77,Aula 6,6,6,texto
583,77,Aula 7,7,25,texto
584,77,Aula 8,8,12,texto
585,78,Aula 1,1,8,video
586,78,Aula 2,2,11,texto
587,78,Aula 3,3,7,video
588,78,Aula 4,4,23,video
589,78,Aula 5,5,21,quiz
590,78,Aula 6,6,19,video
591,79,Aula 1,1,15,video
592,79,Aula 2,2,18,quiz
593,79,Aula 3,3,9,texto
594,79,Aula 4,4,7,video
595,79,Aula 5,5,17,video
596,79,Aula 6,6,8,video
597,80,Aula 1,1,16,texto
598,80,Aula 2,2,9,texto
599,80,Aula 3,3,9,quiz
600,80,Aula 4,4,9,video
601,80,Aula 5,5,21,quiz
602,80,Aula 6,6,5,quiz
603,80,Aula 7,7,25,video
604,80,Aula 8,8,19,texto
605,81,Aula 1,1,25,quiz
606,81,Aula 2,2,9,texto
607,81,Aula 3,3,24,quiz
608,81,Aula 4,4,19,video
609,81,Aula 5,5,7,video
610,81,Aula 6,6,9,video
611,81,Aula 7,7,23,quiz
612,82,Aula 1,1,16,texto
613,82,Aula 2,2,15,video
614,82,Aula 3,3,12,texto
615,82,Aula 4,4,25,video
616,82,Aula 5,5,12,quiz
617,82,Aula 6,6,24,quiz
618,82,Aula 7,7,24,texto
619,82,Aula 8,8,5,quiz
620,82,Aula 9,9,14,video
621,83,Aula 1,1,17,texto
622,83,Aula 2,2,25,video
623,83,Aula 3,3,12,texto
624,83,Aula 4,4,17,video
625,83,Aula 5,5,12,texto
626,83,Aula 6,6,25,quiz
627,83,Aula 7,7,7,quiz
628,84,Aula 1,1,16,texto
629,84,Aula 2,2,9,texto
630,84,Aula 3,3,23,texto
631,84,Aula 4,4,16,quiz
632,84,Aula 5,5,10,texto
633,84,Aula 6,6,7,video
634,85,Aula 1,1,5,texto
635,85,Aula 2,2,11,video
636,85,Aula 3,3,6,texto
637,85,Aula 4,4,21,texto
638,85,Aula 5,5,25,quiz
639,85,Aula 6,6,21,texto
640,86,Aula 1,1,17,video
641,86,Aula 2,2,25,quiz
642,86,Aula 3,3,22,quiz
643,86,Aula 4,4,9,texto
644,86,Aula 5,5,7,texto
645,86,Aula 6,6,7,quiz
646,86,Aula 7,7,11,video
647,86,Aula 8,8,22,texto
648,86,Aula 9,9,17,quiz
649,87,Aula 1,1,14,quiz
650,87,Aula 2,2,18,quiz
651,87,Aula 3,3,12,video
652,87,Aula 4,4,12,video
653,87,Aula 5,5,18,video
654,87,Aula 6,6,19,quiz
655,88,Aula 1,1,14,quiz
656,88,Aula 2,2,10,video
657,88,Aula 3,3,5,quiz
658,88,Aula 4,4,9,quiz
659,88,Aula 5,5,5,video
660,88,Aula 6,6,20,texto
661,89,Aula 1,1,10,texto
662,89,Aula 2,2,9,quiz
663,89,Aula 3,3,13,quiz
664,89,Aula 4,4,8,video
665,89,Aula 5,5,15,texto
666,89,Aula 6,6,13,quiz
667,89,Aula 7,7,7,texto
668,89,Aula 8,8,23,quiz
669,90,Aula 1,1,20,texto
670,90,Aula 2,2,21,texto
671,90,Aula 3,3,6,texto
672,90,Aula 4,4,23,video
673,90,Aula 5,5,16,video
674,90,Aula 6,6,13,video
675,91,Aula 1,1,12,quiz
676,91,Aula 2,2,21,video
677,91,Aula 3,3,6,video
678,91,Aula 4,4,12,video
679,91,Aula 5,5,20,texto
680,91,Aula 6,6,17,video
681,92,Aula 1,1,6,quiz
682,92,Aula 2,2,25,texto
683,92,Aula 3,3,12,texto
684,92,Aula 4,4,12,texto
685,92,Aula 5,5,15,texto
686,92,Aula 6,6,7,quiz
687,92,Aula 7,7,16,video
688,93,Aula 1,1,10,video
689,93,Aula 2,2,21,video
690,93,Aula 3,3,17,video
691,93,Aula 4,4,19,texto
692,93,Aula 5,5,14,texto
693,93,Aula 6,6,7,quiz
694,94,Aula 1,1,5,texto
695,94,Aula 2,2,11,texto
696,94,Aula 3,3,23,texto
697,94,Aula 4,4,24,video
698,94,Aula 5,5,19,texto
699,94,Aula 6,6,23,texto
700,94,Aula 7,7,11,quiz
701,94,Aula 8,8,22,video
702,94,Aula 9,9,9,video
703,95,Aula 1,1,5,video
704,95,Aula 2,2,22,texto
705,95,Aula 3,3,25,quiz
706,95,Aula 4,4,5,texto
707,95,Aula 5,5,5,quiz
708,95,Aula 6,6,17,quiz
709,95,Aula 7,7,14,video
710,95,Aula 8,8,11,quiz
711,95,Aula 9,9,12,texto
712,96,Aula 1,1,6,video
713,96,Aula 2,2,13,video
714,96,Aula 3,3,6,video
715,96,Aula 4,4,21,texto
716,96,Aula 5,5,16,texto
717,96,Aula 6,6,7,quiz
718,96,Aula 7,7,8,quiz
719,96,Aula 8,8,9,quiz
720,96,Aula 9,9,17,video
721,97,Aula 1,1,18,quiz
722,97,Aula 2,2,9,video
723,97,Aula 3,3,14,texto
724,97,Aula 4,4,15,texto
725,97,Aula 5,5,15,texto
726,97,Aula 6,6,19,texto
727,98,Aula 1,1,7,video
728,98,Aula 2,2,9,quiz
729,98,Aula 3,3,8,video
730,98,Aula 4,4,8,video
731,98,Aula 5,5,19,texto
732,98,Aula 6,6,15,texto
733,98,Aula 7,7,8,quiz
734,99,Aula 1,1,11,texto
735,99,Aula 2,2,14,texto
736,99,Aula 3,3,13,video
737,99,Aula 4,4,7,video
738,99,Aula 5,5,14,quiz
739,99,Aula 6,6,24,video
740,99,Aula 7,7,11,texto
741,99,Aula 8,8,9,video
742,100,Aula 1,1,16,texto
743,100,Aula 2,2,21,video
744,100,Aula 3,3,14,texto
745,100,Aula 4,4,10,video
746,100,Aula 5,5,17,texto
747,100,Aula 6,6,22,quiz
748,100,Aula 7,7,22,video
749,101,Aula 1,1,19,video
750,101,Aula 2,2,9,video
751,101,Aula 3,3,5,video
752,101,Aula 4,4,12,video
753,101,Aula 5,5,11,texto
754,101,Aula 6,6,16,quiz
755,102,Aula 1,1,23,quiz
756,102,Aula 2,2,13,video
757,102,Aula 3,3,5,video
758,102,Aula 4,4,11,quiz
759,102,Aula 5,5,19,video
760,102,Aula 6,6,7,texto
761,103,Aula 1,1,6,texto
762,103,Aula 2,2,6,video
763,103,Aula 3,3,23,texto
764,103,Aula 4,4,17,texto
765,103,Aula 5,5,5,texto
766,103,Aula 6,6,18,video
767,104,Aula 1,1,11,video
768,104,Aula 2,2,13,texto
769,104,Aula 3,3,19,video
770,104,Aula 4,4,6,quiz
771,104,Aula 5,5,24,quiz
772,104,Aula 6,6,12,quiz
773,104,Aula 7,7,14,texto
774,104,Aula 8,8,18,quiz
775,105,Aula 1,1,6,video
776,105,Aula 2,2,13,texto
777,105,Aula 3,3,9,texto
778,105,Aula 4,4,11,quiz
779,105,Aula 5,5,21,video
780,105,Aula 6,6,25,quiz
781,105,Aula 7,7,5,texto
782,105,Aula 8,8,16,texto
783,105,Aula 9,9,22,texto
784,106,Aula 1,1,23,quiz
785,106,Aula 2,2,15,texto
786,106,Aula 3,3,13,video
787,106,Aula 4,4,5,texto
788,106,Aula 5,5,24,video
789,106,Aula 6,6,5,texto
790,106,Aula 7,7,6,texto
791,106,Aula 8,8,21,texto
792,107,Aula 1,1,10,video
793,107,Aula 2,2,12,quiz
794,107,Aula 3,3,12,texto
795,107,Aula 4,4,22,quiz
796,107,Aula 5,5,6,video
797,107,Aula 6,6,23,texto
798,107,Aula 7,7,16,video
799,108,Aula 1,1,12,quiz
800,108,Aula 2,2,15,quiz
801,108,Aula 3,3,16,quiz
802,108,Aula 4,4,5,quiz
803,108,Aula 5,5,16,quiz
804,108,Aula 6,6,23,video
805,108,Aula 7,7,23,video
806,109,Aula 1,1,22,texto
807,109,Aula 2,2,10,texto
808,109,Aula 3,3,6,video
809,109,Aula 4,4,6,video
810,109,Aula 5,5,24,video
811,109,Aula 6,6,5,quiz
812,109,Aula 7,7,20,video
813,109,Aula 8,8,15,quiz
814,109,Aula 9,9,11,video
815,110,Aula 1,1,10,texto
816,110,Aula 2,2,6,video
817,110,Aula 3,3,9,quiz
818,110,Aula 4,4,9,video
819,110,Aula 5,5,21,texto
820,110,Aula 6,6,7,texto
821,110,Aula 7,7,17,quiz
822,110,Aula 8,8,8,texto
823,111,Aula 1,1,15,video
824,111,Aula 2,2,10,quiz
825,111,Aula 3,3,18,quiz
826,111,Aula 4,4,20,quiz
827,111,Aula 5,5,15,video
828,111,Aula 6,6,22,quiz
829,111,Aula 7,7,24,texto
830,111,Aula 8,8,12,quiz
831,112,Aula 1,1,17,texto
832,112,Aula 2,2,14,video
833,112,Aula 3,3,10,quiz
834,112,Aula 4,4,5,quiz
835,112,Aula 5,5,23,texto
836,112,Aula 6,6,23,video
837,112,Aula 7,7,10,quiz
838,113,Aula 1,1,24,video
839,113,Aula 2,2,25,quiz
840,113,Aula 3,3,8,texto
841,113,Aula 4,4,9,texto
842,113,Aula 5,5,7,video
843,113,Aula 6,6,16,texto
844,113,Aula 7,7,10,quiz
845,113,Aula 8,8,7,quiz
846,114,Aula 1,1,19,video
847,114,Aula 2,2,13,video
848,114,Aula 3,3,12,quiz
849,114,Aula 4,4,7,texto
850,114,Aula 5,5,13,video
851,114,Aula 6,6,5,video
852,114,Aula 7,7,17,texto
853,114,Aula 8,8,18,video
854,115,Aula 1,1,20,texto
855,115,Aula 2,2,16,quiz
856,115,Aula 3,3,17,video
857,115,Aula 4,4,20,quiz
858,115,Aula 5,5,25,quiz
859,115,Aula 6,6,12,video
860,115,Aula 7,7,19,video
861,115,Aula 8,8,6,texto
862,115,Aula 9,9,5,texto
863,116,Aula 1,1,8,video
864,116,Aula 2,2,15,video
865,116,Aula 3,3,17,video
866,116,Aula 4,4,7,quiz
867,116,Aula 5,5,7,texto
868,116,Aula 6,6,24,quiz
869,116,Aula 7,7,20,quiz
870,116,Aula 8,8,5,texto
871,117,Aula 1,1,24,texto
872,117,Aula 2,2,10,video
873,117,Aula 3,3,8,texto
874,117,Aula 4,4,11,video
875,117,Aula 5,5,18,quiz
876,117,Aula 6,6,22,quiz
877,117,Aula 7,7,22,texto
878,118,Aula 1,1,14,video
879,118,Aula 2,2,8,video
880,118,Aula 3,3,17,quiz
881,118,Aula 4,4,22,texto
882,118,Aula 5,5,9,video
883,118,Aula 6,6,16,video
884,118,Aula 7,7,18,video
885,118,Aula 8,8,14,quiz
886,119,Aula 1,1,11,video
887,119,Aula 2,2,5,video
888,119,Aula 3,3,10,quiz
889,119,Aula 4,4,14,video
890,119,Aula 5,5,20,video
891,119,Aula 6,6,14,texto
892,119,Aula 7,7,20,texto
893,119,Aula 8,8,13,video
894,119,Aula 9,9,25,quiz
895,120,Aula 1,1,10,texto
896,120,Aula 2,2,17,texto
897,120,Aula 3,3,10,texto
898,120,Aula 4,4,6,texto
899,120,Aula 5,5,19,texto
900,120,Aula 6,6,13,video
901,120,Aula 7,7,13,quiz
902,120,Aula 8,8,6,video
903,120,Aula 9,9,8,video
904,121,Aula 1,1,22,texto
905,121,Aula 2,2,23,video
906,121,Aula 3,3,22,video
907,121,Aula 4,4,17,quiz
908,121,Aula 5,5,18,quiz
909,121,Aula 6,6,20,quiz
910,121,Aula 7,7,12,texto
911,121,Aula 8,8,14,video
912,122,Aula 1,1,6,quiz
913,122,Aula 2,2,23,quiz
914,122,Aula 3,3,23,quiz
915,122,Aula 4,4,24,video
916,122,Aula 5,5,8,texto
917,122,Aula 6,6,10,video
918,122,Aula 7,7,11,video
919,122,Aula 8,8,9,video
920,122,Aula 9,9,18,video
921,123,Aula 1,1,11,quiz
922,123,Aula 2,2,9,quiz
923,123,Aula 3,3,13,texto
924,123,Aula 4,4,7,video
925,123,Aula 5,5,17,quiz
926,123,Aula 6,6,17,quiz
927,123,Aula 7,7,15,texto
928,123,Aula 8,8,21,texto
929,123,Aula 9,9,5,quiz
930,124,Aula 1,1,8,texto
931,124,Aula 2,2,9,video
932,124,Aula 3,3,23,quiz
933,124,Aula 4,4,23,video
934,124,Aula 5,5,8,quiz
935,124,Aula 6,6,8,texto
936,124,Aula 7,7,22,texto
937,124,Aula 8,8,18,texto
938,124,Aula 9,9,17,quiz
939,125,Aula 1,1,23,quiz
940,125,Aula 2,2,20,video
941,125,Aula 3,3,10,texto
942,125,Aula 4,4,17,video
943,125,Aula 5,5,24,quiz
944,125,Aula 6,6,17,video
945,125,Aula 7,7,17,texto
946,125,Aula 8,8,12,video
947,125,Aula 9,9,20,texto
948,126,Aula 1,1,5,texto
949,126,Aula 2,2,14,texto
950,126,Aula 3,3,13,texto
951,126,Aula 4,4,8,video
952,126,Aula 5,5,9,texto
953,126,Aula 6,6,19,texto
954,126,Aula 7,7,13,quiz
955,126,Aula 8,8,18,quiz
956,127,Aula 1,1,11,texto
957,127,Aula 2,2,11,texto
958,127,Aula 3,3,20,quiz
959,127,Aula 4,4,16,video
960,127,Aula 5,5,21,video
961,127,Aula 6,6,7,texto
962,128,Aula 1,1,9,quiz
963,128,Aula 2,2,23,video
964,128,Aula 3,3,10,video
965,128,Aula 4,4,11,video
966,128,Aula 5,5,12,video
967,128,Aula 6,6,19,video
968,128,Aula 7,7,16,quiz
969,128,Aula 8,8,11,texto
970,128,Aula 9,9,16,texto
971,129,Aula 1,1,25,video
972,129,Aula 2,2,5,video
973,129,Aula 3,3,16,texto
974,129,Aula 4,4,24,texto
975,129,Aula 5,5,10,texto
976,129,Aula 6,6,23,quiz
977,129,Aula 7,7,16,texto
978,129,Aula 8,8,10,texto
979,129,Aula 9,9,7,texto
980,130,Aula 1,1,17,video
981,130,Aula 2,2,10,quiz
982,130,Aula 3,3,11,video
983,130,Aula 4,4,25,video
984,130,Aula 5,5,11,texto
985,130,Aula 6,6,25,texto
986,131,Aula 1,1,5,texto
987,131,Aula 2,2,9,quiz
988,131,Aula 3,3,10,quiz
989,131,Aula 4,4,5,video
990,131,Aula 5,5,13,quiz
991,131,Aula 6,6,14,quiz
992,132,Aula 1,1,18,texto
993,132,Aula 2,2,16,texto
994,132,Aula 3,3,13,video
995,132,Aula 4,4,19,texto
996,132,Aula 5,5,21,quiz
997,132,Aula 6,6,17,quiz
998,132,Aula 7,7,8,video
999,132,Aula 8,8,21,quiz
1000,133,Aula 1,1,22,quiz
1001,133,Aula 2,2,24,quiz
1002,133,Aula 3,3,14,texto
1003,133,Aula 4,4,8,texto
1004,133,Aula 5,5,7,texto
1005,133,Aula 6,6,13,quiz
1006,133,Aula 7,7,15,texto
1007,133,Aula 8,8,13,quiz
1008,134,Aula 1,1,11,video
1009,134,Aula 2,2,21,video
1010,134,Aula 3,3,6,quiz
1011,134,Aula 4,4,17,quiz
1012,134,Aula 5,5,15,quiz
1013,134,Aula 6,6,9,quiz
1014,134,Aula 7,7,5,quiz
1015,134,Aula 8,8,20,texto
1016,135,Aula 1,1,18,texto
1017,135,Aula 2,2,17,quiz
1018,135,Aula 3,3,6,quiz
1019,135,Aula 4,4,23,video
1020,135,Aula 5,5,15,quiz
1021,135,Aula 6,6,12,quiz
1022,135,Aula 7,7,22,quiz
1023,135,Aula 8,8,20,quiz
1024,136,Aula 1,1,21,texto
1025,136,Aula 2,2,10,quiz
1026,136,Aula 3,3,22,video
1027,136,Aula 4,4,14,video
1028,136,Aula 5,5,20,video
1029,136,Aula 6,6,13,quiz
1030,136,Aula 7,7,22,video
1031,136,Aula 8,8,15,quiz
1032,137,Aula 1,1,12,texto
1033,137,Aula 2,2,12,quiz
1034,137,Aula 3,3,14,texto
1035,137,Aula 4,4,15,texto
1036,137,Aula 5,5,13,quiz
1037,137,Aula 6,6,14,texto
1038,138,Aula 1,1,20,video
1039,138,Aula 2,2,25,quiz
1040,138,Aula 3,3,23,quiz
1041,138,Aula 4,4,7,texto
1042,138,Aula 5,5,11,quiz
1043,138,Aula 6,6,8,quiz
1044,139,Aula 1,1,21,texto
1045,139,Aula 2,2,18,video
1046,139,Aula 3,3,9,video
1047,139,Aula 4,4,11,texto
1048,139,Aula 5,5,18,quiz
1049,139,Aula 6,6,19,video
1050,139,Aula 7,7,15,quiz
1051,139,Aula 8,8,10,video
1052,139,Aula 9,9,20,texto
1053,140,Aula 1,1,15,quiz
1054,140,Aula 2,2,6,video
1055,140,Aula 3,3,19,texto
1056,140,Aula 4,4,11,video
1057,140,Aula 5,5,23,video
1058,140,Aula 6,6,20,video
1059,140,Aula 7,7,9,quiz
1060,141,Aula 1,1,25,texto
1061,141,Aula 2,2,17,texto
1062,141,Aula 3,3,20,texto
1063,141,Aula 4,4,5,video
1064,141,Aula 5,5,22,video
1065,141,Aula 6,6,16,video
1066,141,Aula 7,7,15,quiz
1067,141,Aula 8,8,11,video
1068,141,Aula 9,9,5,quiz
1069,142,Aula 1,1,12,quiz
1070,142,Aula 2,2,16,texto
1071,142,Aula 3,3,9,video
1072,142,Aula 4,4,17,quiz
1073,142,Aula 5,5,23,texto
1074,142,Aula 6,6,10,video
1075,142,Aula 7,7,6,texto
1076,143,Aula 1,1,19,quiz
1077,143,Aula 2,2,21,quiz
1078,143,Aula 3,3,21,texto
1079,143,Aula 4,4,18,quiz
1080,143,Aula 5,5,9,texto
1081,143,Aula 6,6,20,texto
1082,143,Aula 7,7,11,video
1083,143,Aula 8,8,17,video
1084,144,Aula 1,1,12,quiz
1085,144,Aula 2,2,9,video
1086,144,Aula 3,3,5,quiz
1087,144,Aula 4,4,21,video
1088,144,Aula 5,5,8,texto
1089,144,Aula 6,6,25,video
1090,144,Aula 7,7,17,quiz
1091,145,Aula 1,1,22,quiz
1092,145,Aula 2,2,6,quiz
1093,145,Aula 3,3,6,quiz
1094,145,Aula 4,4,8,quiz
1095,145,Aula 5,5,5,video
1096,145,Aula 6,6,8,texto
1097,145,Aula 7,7,19,texto
1098,145,Aula 8,8,8,quiz
1099,146,Aula 1,1,20,quiz
1100,146,Aula 2,2,9,video
1101,146,Aula 3,3,25,video
1102,146,Aula 4,4,14,texto
1103,146,Aula 5,5,8,quiz
1104,146,Aula 6,6,21,texto
1105,146,Aula 7,7,24,quiz
1106,146,Aula 8,8,9,texto
1107,147,Aula 1,1,21,quiz
1108,147,Aula 2,2,24,video
1109,147,Aula 3,3,14,video
1110,147,Aula 4,4,8,texto
1111,147,Aula 5,5,11,quiz
1112,147,Aula 6,6,11,texto
1113,148,Aula 1,1,16,quiz
1114,148,Aula 2,2,18,texto
1115,148,Aula 3,3,10,video
1116,148,Aula 4,4,22,texto
1117,148,Aula 5,5,11,quiz
1118,148,Aula 6,6,20,texto
1119,148,Aula 7,7,12,video
1120,149,Aula 1,1,7,video
1121,149,Aula 2,2,23,quiz
1122,149,Aula 3,3,20,video
1123,149,Aula 4,4,7,quiz
1124,149,Aula 5,5,7,quiz
1125,149,Aula 6,6,8,texto
1126,150,Aula 1,1,19,texto
1127,150,Aula 2,2,13,texto
1128,150,Aula 3,3,6,video
1129,150,Aula 4,4,10,video
1130,150,Aula 5,5,14,texto
1131,150,Aula 6,6,15,texto
1132,150,Aula 7,7,8,video
1133,151,Aula 1,1,5,video
1134,151,Aula 2,2,25,video
1135,151,Aula 3,3,15,texto
1136,151,Aula 4,4,19,quiz
1137,151,Aula 5,5,13,quiz
1138,151,Aula 6,6,7,texto
1139,152,Aula 1,1,10,video
1140,152,Aula 2,2,17,texto
1141,152,Aula 3,3,19,texto
1142,152,Aula 4,4,17,quiz
1143,152,Aula 5,5,20,texto
1144,152,Aula 6,6,25,video
1145,152,Aula 7,7,8,video
1146,152,Aula 8,8,6,video
1147,153,Aula 1,1,18,quiz
1148,153,Aula 2,2,20,quiz
1149,153,Aula 3,3,19,video
1150,153,Aula 4,4,24,texto
1151,153,Aula 5,5,16,quiz
1152,153,Aula 6,6,5,quiz
1153,154,Aula 1,1,20,texto
1154,154,Aula 2,2,8,texto
1155,154,Aula 3,3,19,video
1156,154,Aula 4,4,7,texto
1157,154,Aula 5,5,25,texto
1158,154,Aula 6,6,5,quiz
1159,154,Aula 7,7,21,quiz
1160,155,Aula 1,1,15,quiz
1161,155,Aula 2,2,21,quiz
1162,155,Aula 3,3,24,video
1163,155,Aula 4,4,18,quiz
1164,155,Aula 5,5,12,texto
1165,155,Aula 6,6,16,quiz
1166,155,Aula 7,7,25,texto
1167,156,Aula 1,1,22,quiz
1168,156,Aula 2,2,6,video
1169,156,Aula 3,3,25,video
1170,156,Aula 4,4,21,texto
1171,156,Aula 5,5,20,video
1172,156,Aula 6,6,7,texto
1173,156,Aula 7,7,15,video
1174,157,Aula 1,1,13,video
1175,157,Aula 2,2,21,video
1176,157,Aula 3,3,22,quiz
1177,157,Aula 4,4,17,texto
1178,157,Aula 5,5,12,video
1179,157,Aula 6,6,19,texto
1180,157,Aula 7,7,23,texto
1181,157,Aula 8,8,7,texto
1182,158,Aula 1,1,15,video
1183,158,Aula 2,2,20,quiz
1184,158,Aula 3,3,25,video
1185,158,Aula 4,4,8,texto
1186,158,Aula 5,5,18,video
1187,158,Aula 6,6,22,quiz
1188,158,Aula 7,7,5,video
1189,158,Aula 8,8,24,quiz
1190,158,Aula 9,9,25,texto
1191,159,Aula 1,1,25,quiz
1192,159,Aula 2,2,19,texto
1193,159,Aula 3,3,16,video
1194,159,Aula 4,4,12,texto
1195,159,Aula 5,5,15,quiz
1196,159,Aula 6,6,24,quiz
1197,159,Aula 7,7,20,quiz
1198,160,Aula 1,1,19,video
1199,160,Aula 2,2,8,quiz
1200,160,Aula 3,3,12,video
1201,160,Aula 4,4,15,texto
1202,160,Aula 5,5,25,texto
1203,160,Aula 6,6,22,quiz
1204,160,Aula 7,7,16,quiz
1205,160,Aula 8,8,8,video
1206,161,Aula 1,1,20,video
1207,161,Aula 2,2,18,video
1208,161,Aula 3,3,13,quiz
1209,161,Aula 4,4,11,video
1210,161,Aula 5,5,8,texto
1211,161,Aula 6,6,11,texto
1212,161,Aula 7,7,11,quiz
1213,162,Aula 1,1,8,texto
1214,162,Aula 2,2,6,quiz
1215,162,Aula 3,3,23,video
1216,162,Aula 4,4,19,texto
1217,162,Aula 5,5,23,quiz
1218,162,Aula 6,6,9,texto
1219,162,Aula 7,7,5,quiz
1220,162,Aula 8,8,6,quiz
1221,163,Aula 1,1,23,texto
1222,163,Aula 2,2,21,video
1223,163,Aula 3,3,23,video
1224,163,Aula 4,4,9,video
1225,163,Aula 5,5,17,quiz
1226,163,Aula 6,6,24,quiz
1227,163,Aula 7,7,15,quiz
1228,163,Aula 8,8,17,texto
1229,163,Aula 9,9,24,quiz
1230,164,Aula 1,1,13,texto
1231,164,Aula 2,2,15,texto
1232,164,Aula 3,3,19,video
1233,164,Aula 4,4,9,texto
1234,164,Aula 5,5,24,quiz
1235,164,Aula 6,6,21,texto
1236,164,Aula 7,7,22,texto
1237,165,Aula 1,1,11,video
1238,165,Aula 2,2,24,quiz
1239,165,Aula 3,3,14,quiz
1240,165,Aula 4,4,16,quiz
1241,165,Aula 5,5,9,quiz
1242,165,Aula 6,6,25,video
1243,165,Aula 7,7,21,quiz
1244,166,Aula 1,1,8,texto
1245,166,Aula 2,2,22,texto
1246,166,Aula 3,3,23,quiz
1247,166,Aula 4,4,18,quiz
1248,166,Aula 5,5,22,texto
1249,166,Aula 6,6,18,video
1250,166,Aula 7,7,21,video
1251,166,Aula 8,8,5,texto
1252,167,Aula 1,1,6,quiz
1253,167,Aula 2,2,6,video
1254,167,Aula 3,3,13,video
1255,167,Aula 4,4,14,quiz
1256,167,Aula 5,5,13,video
1257,167,Aula 6,6,6,quiz
1258,167,Aula 7,7,14,video
1259,168,Aula 1,1,16,texto
1260,168,Aula 2,2,8,quiz
1261,168,Aula 3,3,22,video
1262,168,Aula 4,4,25,quiz
1263,168,Aula 5,5,17,video
1264,168,Aula 6,6,21,quiz
1265,169,Aula 1,1,6,texto
1266,169,Aula 2,2,17,texto
1267,169,Aula 3,3,15,quiz
1268,169,Aula 4,4,6,video
1269,169,Aula 5,5,13,video
1270,169,Aula 6,6,24,texto
1271,169,Aula 7,7,12,quiz
1272,169,Aula 8,8,25,texto
1273,170,Aula 1,1,11,texto
1274,170,Aula 2,2,19,video
1275,170,Aula 3,3,7,video
1276,170,Aula 4,4,10,quiz
1277,170,Aula 5,5,21,video
1278,170,Aula 6,6,17,video
1279,170,Aula 7,7,18,texto
1280,171,Aula 1,1,9,video
1281,171,Aula 2,2,23,texto
1282,171,Aula 3,3,5,texto
1283,171,Aula 4,4,19,quiz
1284,171,Aula 5,5,9,video
1285,171,Aula 6,6,9,texto
1286,171,Aula 7,7,24,video
1287,171,Aula 8,8,25,quiz
1288,172,Aula 1,1,20,quiz
1289,172,Aula 2,2,22,texto
1290,172,Aula 3,3,7,quiz
1291,172,Aula 4,4,15,quiz
1292,172,Aula 5,5,12,video
1293,172,Aula 6,6,21,video
1294,172,Aula 7,7,21,video
1295,172,Aula 8,8,18,quiz
1296,173,Aula 1,1,7,texto
1297,173,Aula 2,2,12,video
1298,173,Aula 3,3,15,texto
1299,173,Aula 4,4,16,texto
1300,173,Aula 5,5,11,quiz
1301,173,Aula 6,6,21,texto
1302,173,Aula 7,7,22,quiz
1303,173,Aula 8,8,5,video
1304,173,Aula 9,9,16,texto
1305,174,Aula 1,1,25,quiz
1306,174,Aula 2,2,24,video
1307,174,Aula 3,3,6,quiz
1308,174,Aula 4,4,15,texto
1309,174,Aula 5,5,8,texto
1310,174,Aula 6,6,13,quiz
1311,174,Aula 7,7,14,video
1312,175,Aula 1,1,21,quiz
1313,175,Aula 2,2,19,texto
1314,175,Aula 3,3,6,texto
1315,175,Aula 4,4,25,video
1316,175,Aula 5,5,15,quiz
1317,175,Aula 6,6,7,video
1318,175,Aula 7,7,10,quiz
1319,175,Aula 8,8,22,video
1320,176,Aula 1,1,11,quiz
1321,176,Aula 2,2,25,video
1322,176,Aula 3,3,18,video
1323,176,Aula 4,4,11,quiz
1324,176,Aula 5,5,18,quiz
1325,176,Aula 6,6,7,quiz
1326,177,Aula 1,1,5,texto
1327,177,Aula 2,2,15,video
1328,177,Aula 3,3,7,video
1329,177,Aula 4,4,6,video
1330,177,Aula 5,5,13,quiz
1331,177,Aula 6,6,7,quiz
1332,177,Aula 7,7,12,texto
1333,178,Aula 1,1,17,texto
1334,178,Aula 2,2,25,texto
1335,178,Aula 3,3,18,texto
1336,178,Aula 4,4,5,texto
1337,178,Aula 5,5,8,quiz
1338,178,Aula 6,6,5,quiz
1339,178,Aula 7,7,24,video
1340,178,Aula 8,8,23,video
1341,178,Aula 9,9,7,texto
1342,179,Aula 1,1,14,quiz
1343,179,Aula 2,2,14,quiz
1344,179,Aula 3,3,7,texto
1345,179,Aula 4,4,19,texto
1346,179,Aula 5,5,17,quiz
1347,179,Aula 6,6,5,texto
1348,180,Aula 1,1,22,video
1349,180,Aula 2,2,9,quiz
1350,180,Aula 3,3,17,quiz
1351,180,Aula 4,4,14,quiz
1352,180,Aula 5,5,9,texto
1353,180,Aula 6,6,25,texto
1354,180,Aula 7,7,5,quiz
1355,181,Aula 1,1,8,video
1356,181,Aula 2,2,5,quiz
1357,181,Aula 3,3,24,texto
1358,181,Aula 4,4,22,quiz
1359,181,Aula 5,5,7,texto
1360,181,Aula 6,6,11,quiz
1361,181,Aula 7,7,16,video
1362,182,Aula 1,1,25,quiz
1363,182,Aula 2,2,9,video
1364,182,Aula 3,3,10,video
1365,182,Aula 4,4,24,texto
1366,182,Aula 5,5,11,video
1367,182,Aula 6,6,10,quiz
1368,182,Aula 7,7,23,video
1369,182,Aula 8,8,22,texto
1370,182,Aula 9,9,25,quiz
1371,183,Aula 1,1,14,quiz
1372,183,Aula 2,2,7,texto
1373,183,Aula 3,3,8,video
1374,183,Aula 4,4,23,texto
1375,183,Aula 5,5,15,texto
1376,183,Aula 6,6,9,quiz
1377,184,Aula 1,1,8,texto
1378,184,Aula 2,2,24,video
1379,184,Aula 3,3,11,texto
1380,184,Aula 4,4,20,texto
1381,184,Aula 5,5,15,quiz
1382,184,Aula 6,6,14,quiz
1383,184,Aula 7,7,23,video
1384,185,Aula 1,1,15,texto
1385,185,Aula 2,2,10,video
1386,185,Aula 3,3,15,video
1387,185,Aula 4,4,12,quiz
1388,185,Aula 5,5,25,texto
1389,185,Aula 6,6,13,texto
1390,185,Aula 7,7,9,quiz
1391,185,Aula 8,8,15,texto
1392,186,Aula 1,1,19,texto
1393,186,Aula 2,2,14,texto
1394,186,Aula 3,3,22,video
1395,186,Aula 4,4,10,quiz
1396,186,Aula 5,5,24,video
1397,186,Aula 6,6,13,video
1398,186,Aula 7,7,22,video
1399,186,Aula 8,8,13,quiz
1400,186,Aula 9,9,25,video
1401,187,Aula 1,1,5,quiz
1402,187,Aula 2,2,25,video
1403,187,Aula 3,3,23,quiz
1404,187,Aula 4,4,17,quiz
1405,187,Aula 5,5,11,video
1406,187,Aula 6,6,22,texto
1407,188,Aula 1,1,25,video
1408,188,Aula 2,2,16,texto
1409,188,Aula 3,3,12,quiz
1410,188,Aula 4,4,14,video
1411,188,Aula 5,5,19,quiz
1412,188,Aula 6,6,21,video
1413,188,Aula 7,7,17,texto
1414,188,Aula 8,8,21,video
1415,188,Aula 9,9,12,quiz
1416,189,Aula 1,1,21,video
1417,189,Aula 2,2,19,video
1418,189,Aula 3,3,10,quiz
1419,189,Aula 4,4,23,quiz
1420,189,Aula 5,5,9,quiz
1421,189,Aula 6,6,20,texto
1422,189,Aula 7,7,6,video
1423,190,Aula 1,1,12,video
1424,190,Aula 2,2,13,texto
1425,190,Aula 3,3,12,video
1426,190,Aula 4,4,11,quiz
1427,190,Aula 5,5,16,texto
1428,190,Aula 6,6,20,texto
1429,190,Aula 7,7,6,video
1430,190,Aula 8,8,25,texto
1431,190,Aula 9,9,8,quiz
1432,191,Aula 1,1,13,quiz
1433,191,Aula 2,2,22,quiz
1434,191,Aula 3,3,10,texto
1435,191,Aula 4,4,25,texto
1436,191,Aula 5,5,16,quiz
1437,191,Aula 6,6,25,video
1438,191,Aula 7,7,21,texto
1439,191,Aula 8,8,17,video
1440,192,Aula 1,1,16,texto
1441,192,Aula 2,2,20,texto
1442,192,Aula 3,3,24,video
1443,192,Aula 4,4,21,video
1444,192,Aula 5,5,19,video
1445,192,Aula 6,6,12,video
1446,192,Aula 7,7,21,quiz
1447,192,Aula 8,8,13,video
1448,192,Aula 9,9,9,video
1449,193,Aula 1,1,16,quiz
1450,193,Aula 2,2,8,quiz
1451,193,Aula 3,3,12,texto
1452,193,Aula 4,4,15,quiz
1453,193,Aula 5,5,8,texto
1454,193,Aula 6,6,20,texto
1455,193,Aula 7,7,11,quiz
1456,194,Aula 1,1,25,texto
1457,194,Aula 2,2,5,video
1458,194,Aula 3,3,6,video
1459,194,Aula 4,4,23,quiz
1460,194,Aula 5,5,10,video
1461,194,Aula 6,6,25,quiz
1462,194,Aula 7,7,6,quiz
1463,195,Aula 1,1,6,video
1464,195,Aula 2,2,13,video
1465,195,Aula 3,3,21,texto
1466,195,Aula 4,4,24,quiz
1467,195,Aula 5,5,25,video
1468,195,Aula 6,6,14,video
1469,195,Aula 7,7,11,texto
1470,196,Aula 1,1,20,video
1471,196,Aula 2,2,12,texto
1472,196,Aula 3,3,24,video
1473,196,Aula 4,4,23,video
1474,196,Aula 5,5,24,quiz
1475,196,Aula 6,6,21,texto
1476,196,Aula 7,7,10,quiz
1477,196,Aula 8,8,15,texto
1478,196,Aula 9,9,24,quiz
1479,197,Aula 1,1,12,texto
1480,197,Aula 2,2,17,video
1481,197,Aula 3,3,8,video
1482,197,Aula 4,4,11,quiz
1483,197,Aula 5,5,21,quiz
1484,197,Aula 6,6,18,video
1485,198,Aula 1,1,10,texto
1486,198,Aula 2,2,24,quiz
1487,198,Aula 3,3,6,quiz
1488,198,Aula 4,4,21,video
1489,198,Aula 5,5,7,texto
1490,198,Aula 6,6,9,quiz
1491,199,Aula 1,1,25,texto
1492,199,Aula 2,2,21,texto
1493,199,Aula 3,3,16,video
1494,199,Aula 4,4,21,texto
1495,199,Aula 5,5,12,texto
1496,199,Aula 6,6,17,texto
1497,200,Aula 1,1,18,video
1498,200,Aula 2,2,13,texto
1499,200,Aula 3,3,12,video
1500,200,Aula 4,4,14,quiz
1501,200,Aula 5,5,22,texto
1502,200,Aula 6,6,13,video
1503,201,Aula 1,1,5,quiz
1504,201,Aula 2,2,21,video
1505,201,Aula 3,3,21,video
1506,201,Aula 4,4,17,quiz
1507,201,Aula 5,5,11,quiz
1508,201,Aula 6,6,15,texto
1509,202,Aula 1,1,8,video
1510,202,Aula 2,2,18,quiz
1511,202,Aula 3,3,23,texto
1512,202,Aula 4,4,13,quiz
1513,202,Aula 5,5,18,quiz
1514,202,Aula 6,6,16,quiz
1515,202,Aula 7,7,13,quiz
1516,202,Aula 8,8,17,video
1517,203,Aula 1,1,22,quiz
1518,203,Aula 2,2,20,video
1519,203,Aula 3,3,16,quiz
1520,203,Aula 4,4,22,texto
1521,203,Aula 5,5,13,texto
1522,203,Aula 6,6,23,texto
1523,203,Aula 7,7,17,quiz
1524,203,Aula 8,8,9,quiz
1525,203,Aula 9,9,8,quiz
1526,204,Aula 1,1,19,quiz
1527,204,Aula 2,2,10,video
1528,204,Aula 3,3,11,quiz
1529,204,Aula 4,4,17,texto
1530,204,Aula 5,5,22,quiz
1531,204,Aula 6,6,6,video
1532,204,Aula 7,7,17,quiz
1533,205,Aula 1,1,7,video
1534,205,Aula 2,2,20,quiz
1535,205,Aula 3,3,18,video
1536,205,Aula 4,4,7,texto
1537,205,Aula 5,5,12,texto
1538,205,Aula 6,6,7,quiz
1539,206,Aula 1,1,17,texto
1540,206,Aula 2,2,24,quiz
1541,206,Aula 3,3,21,texto
1542,206,Aula 4,4,24,video
1543,206,Aula 5,5,10,quiz
1544,206,Aula 6,6,20,texto
1545,207,Aula 1,1,11,quiz
1546,207,Aula 2,2,21,texto
1547,207,Aula 3,3,11,video
1548,207,Aula 4,4,24,quiz
1549,207,Aula 5,5,21,quiz
1550,207,Aula 6,6,12,quiz
1551,208,Aula 1,1,6,texto
1552,208,Aula 2,2,12,quiz
1553,208,Aula 3,3,5,video
1554,208,Aula 4,4,7,texto
1555,208,Aula 5,5,17,texto
1556,208,Aula 6,6,17,texto
1557,208,Aula 7,7,23,video
1558,209,Aula 1,1,7,video
1559,209,Aula 2,2,22,texto
1560,209,Aula 3,3,22,quiz
1561,209,Aula 4,4,16,texto
1562,209,Aula 5,5,13,video
1563,209,Aula 6,6,24,video
1564,210,Aula 1,1,17,quiz
1565,210,Aula 2,2,5,texto
1566,210,Aula 3,3,10,texto
1567,210,Aula 4,4,21,video
1568,210,Aula 5,5,22,video
1569,210,Aula 6,6,21,texto
1570,210,Aula 7,7,15,video
1571,210,Aula 8,8,21,texto
1572,210,Aula 9,9,22,quiz
1573,211,Aula 1,1,19,texto
1574,211,Aula 2,2,23,texto
1575,211,Aula 3,3,12,texto
1576,211,Aula 4,4,19,quiz
1577,211,Aula 5,5,19,quiz
1578,211,Aula 6,6,5,texto
1579,211,Aula 7,7,8,texto
1580,211,Aula 8,8,7,texto
1581,212,Aula 1,1,12,texto
1582,212,Aula 2,2,18,texto
1583,212,Aula 3,3,21,quiz
1584,212,Aula 4,4,5,quiz
1585,212,Aula 5,5,13,video
1586,212,Aula 6,6,14,video
1587,212,Aula 7,7,17,quiz
1588,213,Aula 1,1,7,quiz
1589,213,Aula 2,2,10,texto
1590,213,Aula 3,3,15,texto
1591,213,Aula 4,4,11,quiz
1592,213,Aula 5,5,13,video
1593,213,Aula 6,6,11,texto
1594,213,Aula 7,7,11,video
1595,213,Aula 8,8,12,texto
1596,214,Aula 1,1,12,video
1597,214,Aula 2,2,12,quiz
1598,214,Aula 3,3,16,video
1599,214,Aula 4,4,8,video
1600,214,Aula 5,5,7,quiz
1601,214,Aula 6,6,20,quiz
1602,214,Aula 7,7,5,quiz
1603,215,Aula 1,1,20,texto
1604,215,Aula 2,2,24,texto
1605,215,Aula 3,3,20,quiz
1606,215,Aula 4,4,13,texto
1607,215,Aula 5,5,10,quiz
1608,215,Aula 6,6,13,texto
1609,216,Aula 1,1,23,video
1610,216,Aula 2,2,6,quiz
1611,216,Aula 3,3,18,texto
1612,216,Aula 4,4,22,video
1613,216,Aula 5,5,21,texto
1614,216,Aula 6,6,17,quiz
1615,216,Aula 7,7,10,texto
1616,217,Aula 1,1,21,texto
1617,217,Aula 2,2,15,quiz
1618,217,Aula 3,3,5,video
1619,217,Aula 4,4,11,texto
1620,217,Aula 5,5,23,video
1621,217,Aula 6,6,15,texto
1622,218,Aula 1,1,10,quiz
1623,218,Aula 2,2,13,video
1624,218,Aula 3,3,13,texto
1625,218,Aula 4,4,24,texto
1626,218,Aula 5,5,16,video
1627,218,Aula 6,6,20,texto
1628,218,Aula 7,7,11,texto
1629,218,Aula 8,8,16,texto
1630,219,Aula 1,1,13,texto
1631,219,Aula 2,2,10,quiz
1632,219,Aula 3,3,9,quiz
1633,219,Aula 4,4,12,video
1634,219,Aula 5,5,13,video
1635,219,Aula 6,6,22,texto
1636,219,Aula 7,7,17,video
1637,219,Aula 8,8,9,quiz
1638,219,Aula 9,9,9,texto
1639,220,Aula 1,1,10,texto
1640,220,Aula 2,2,20,video
1641,220,Aula 3,3,25,quiz
1642,220,Aula 4,4,22,quiz
1643,220,Aula 5,5,15,texto
1644,220,Aula 6,6,14,texto
1645,221,Aula 1,1,17,video
1646,221,Aula 2,2,10,video
1647,221,Aula 3,3,11,texto
1648,221,Aula 4,4,20,quiz
1649,221,Aula 5,5,8,texto
1650,221,Aula 6,6,15,texto
1651,222,Aula 1,1,16,quiz
1652,222,Aula 2,2,22,texto
1653,222,Aula 3,3,16,video
1654,222,Aula 4,4,18,video
1655,222,Aula 5,5,16,quiz
1656,222,Aula 6,6,24,video
1657,222,Aula 7,7,23,quiz
1658,222,Aula 8,8,25,quiz
1659,223,Aula 1,1,14,texto
1660,223,Aula 2,2,15,quiz
1661,223,Aula 3,3,21,texto
1662,223,Aula 4,4,19,video
1663,223,Aula 5,5,17,quiz
1664,223,Aula 6,6,14,texto
1665,223,Aula 7,7,25,video
1666,224,Aula 1,1,25,texto
1667,224,Aula 2,2,18,quiz
1668,224,Aula 3,3,24,quiz
1669,224,Aula 4,4,17,video
1670,224,Aula 5,5,7,video
1671,224,Aula 6,6,15,video
1672,224,Aula 7,7,15,texto
1673,225,Aula 1,1,13,quiz
1674,225,Aula 2,2,25,texto
1675,225,Aula 3,3,13,texto
1676,225,Aula 4,4,16,quiz
1677,225,Aula 5,5,23,quiz
1678,225,Aula 6,6,19,texto
1679,225,Aula 7,7,10,video
1680,225,Aula 8,8,5,video
1681,226,Aula 1,1,13,quiz
1682,226,Aula 2,2,7,video
1683,226,Aula 3,3,10,texto
1684,226,Aula 4,4,8,video
1685,226,Aula 5,5,7,texto
1686,226,Aula 6,6,22,video
1687,226,Aula 7,7,5,texto
1688,227,Aula 1,1,8,texto
1689,227,Aula 2,2,24,video
1690,227,Aula 3,3,7,quiz
1691,227,Aula 4,4,17,texto
1692,227,Aula 5,5,12,video
1693,227,Aula 6,6,14,texto
1694,228,Aula 1,1,9,quiz
1695,228,Aula 2,2,10,video
1696,228,Aula 3,3,6,quiz
1697,228,Aula 4,4,16,texto
1698,228,Aula 5,5,20,texto
1699,228,Aula 6,6,22,texto
1700,228,Aula 7,7,22,texto
1701,229,Aula 1,1,22,video
1702,229,Aula 2,2,23,quiz
1703,229,Aula 3,3,19,quiz
1704,229,Aula 4,4,25,quiz
1705,229,Aula 5,5,18,quiz
1706,229,Aula 6,6,25,quiz
1707,229,Aula 7,7,22,texto
1708,230,Aula 1,1,20,quiz
1709,230,Aula 2,2,12,video
1710,230,Aula 3,3,19,texto
1711,230,Aula 4,4,16,texto
1712,230,Aula 5,5,13,video
1713,230,Aula 6,6,14,video
1714,230,Aula 7,7,5,quiz
1715,230,Aula 8,8,9,texto
1716,231,Aula 1,1,20,quiz
1717,231,Aula 2,2,5,quiz
1718,231,Aula 3,3,20,texto
1719,231,Aula 4,4,14,video
1720,231,Aula 5,5,18,texto
1721,231,Aula 6,6,24,video
1722,231,Aula 7,7,5,quiz
1723,231,Aula 8,8,16,video
1724,232,Aula 1,1,22,texto
1725,232,Aula 2,2,17,video
1726,232,Aula 3,3,10,quiz
1727,232,Aula 4,4,25,texto
1728,232,Aula 5,5,17,video
1729,232,Aula 6,6,13,video
1730,232,Aula 7,7,18,quiz
1731,232,Aula 8,8,12,quiz
1732,232,Aula 9,9,24,quiz
1733,233,Aula 1,1,14,quiz
1734,233,Aula 2,2,22,texto
1735,233,Aula 3,3,18,video
1736,233,Aula 4,4,7,video
1737,233,Aula 5,5,9,texto
1738,233,Aula 6,6,8,quiz
1739,233,Aula 7,7,19,quiz
1740,233,Aula 8,8,19,texto
1741,234,Aula 1,1,11,texto
1742,234,Aula 2,2,5,video
1743,234,Aula 3,3,6,quiz
1744,234,Aula 4,4,5,video
1745,234,Aula 5,5,8,texto
1746,234,Aula 6,6,13,video
1747,234,Aula 7,7,19,quiz
1748,234,Aula 8,8,5,video
1749,234,Aula 9,9,7,video
1750,235,Aula 1,1,20,video
1751,235,Aula 2,2,15,texto
1752,235,Aula 3,3,14,texto
1753,235,Aula 4,4,16,texto
1754,235,Aula 5,5,6,texto
1755,235,Aula 6,6,7,video
1756,236,Aula 1,1,13,texto
1757,236,Aula 2,2,7,quiz
1758,236,Aula 3,3,20,video
1759,236,Aula 4,4,11,texto
1760,236,Aula 5,5,17,video
1761,236,Aula 6,6,8,quiz
1762,237,Aula 1,1,17,texto
1763,237,Aula 2,2,12,quiz
1764,237,Aula 3,3,6,video
1765,237,Aula 4,4,19,quiz
1766,237,Aula 5,5,8,quiz
1767,237,Aula 6,6,11,texto
1768,237,Aula 7,7,17,quiz
1769,238,Aula 1,1,15,video
1770,238,Aula 2,2,25,quiz
1771,238,Aula 3,3,6,quiz
1772,238,Aula 4,4,22,quiz
1773,238,Aula 5,5,8,texto
1774,238,Aula 6,6,20,quiz
1775,238,Aula 7,7,14,video
1776,238,Aula 8,8,16,video
1777,239,Aula 1,1,8,video
1778,239,Aula 2,2,25,texto
1779,239,Aula 3,3,15,video
1780,239,Aula 4,4,10,texto
1781,239,Aula 5,5,23,video
1782,239,Aula 6,6,17,video
1783,239,Aula 7,7,5,video
1784,240,Aula 1,1,24,video
1785,240,Aula 2,2,16,video
1786,240,Aula 3,3,12,video
1787,240,Aula 4,4,20,video
1788,240,Aula 5,5,24,texto
1789,240,Aula 6,6,25,video
1790,240,Aula 7,7,6,texto
1791,240,Aula 8,8,25,video
1792,240,Aula 9,9,22,video
1793,241,Aula 1,1,20,video
1794,241,Aula 2,2,15,quiz
1795,241,Aula 3,3,25,texto
1796,241,Aula 4,4,19,quiz
1797,241,Aula 5,5,11,video
1798,241,Aula 6,6,17,texto
1799,241,Aula 7,7,9,texto
1800,242,Aula 1,1,20,quiz
1801,242,Aula 2,2,19,quiz
1802,242,Aula 3,3,14,quiz
1803,242,Aula 4,4,20,video
1804,242,Aula 5,5,23,video
1805,242,Aula 6,6,22,texto
1806,243,Aula 1,1,19,texto
1807,243,Aula 2,2,24,quiz
1808,243,Aula 3,3,10,video
1809,243,Aula 4,4,21,video
1810,243,Aula 5,5,19,texto
1811,243,Aula 6,6,13,quiz
1812,243,Aula 7,7,16,texto
1813,243,Aula 8,8,5,quiz
1814,244,Aula 1,1,10,video
1815,244,Aula 2,2,24,texto
1816,244,Aula 3,3,24,video
1817,244,Aula 4,4,15,quiz
1818,244,Aula 5,5,7,quiz
1819,244,Aula 6,6,22,texto
1820,244,Aula 7,7,11,quiz
1821,244,Aula 8,8,20,quiz
1822,244,Aula 9,9,9,quiz
1823,245,Aula 1,1,15,texto
1824,245,Aula 2,2,25,texto
1825,245,Aula 3,3,8,video
1826,245,Aula 4,4,21,quiz
1827,245,Aula 5,5,7,video
1828,245,Aula 6,6,9,video
1829,245,Aula 7,7,6,video
1830,245,Aula 8,8,8,texto
1831,246,Aula 1,1,8,video
1832,246,Aula 2,2,23,quiz
1833,246,Aula 3,3,17,quiz
1834,246,Aula 4,4,20,quiz
1835,246,Aula 5,5,24,quiz
1836,246,Aula 6,6,23,texto
1837,246,Aula 7,7,6,texto
1838,247,Aula 1,1,24,quiz
1839,247,Aula 2,2,7,video
1840,247,Aula 3,3,11,quiz
1841,247,Aula 4,4,20,video
1842,247,Aula 5,5,19,quiz
1843,247,Aula 6,6,6,texto
1844,247,Aula 7,7,22,quiz
1845,248,Aula 1,1,16,quiz
1846,248,Aula 2,2,6,quiz
1847,248,Aula 3,3,13,quiz
1848,248,Aula 4,4,6,quiz
1849,248,Aula 5,5,7,texto
1850,248,Aula 6,6,7,video
1851,248,Aula 7,7,21,video
1852,248,Aula 8,8,8,quiz
1853,248,Aula 9,9,12,quiz
1854,249,Aula 1,1,11,video
1855,249,Aula 2,2,21,quiz
1856,249,Aula 3,3,12,quiz
1857,249,Aula 4,4,25,video
1858,249,Aula 5,5,22,quiz
1859,249,Aula 6,6,22,texto
1860,249,Aula 7,7,8,quiz
1861,249,Aula 8,8,23,texto
1862,249,Aula 9,9,19,quiz
1863,250,Aula 1,1,8,video
1864,250,Aula 2,2,10,quiz
1865,250,Aula 3,3,17,quiz
1866,250,Aula 4,4,15,quiz
1867,250,Aula 5,5,10,quiz
1868,250,Aula 6,6,24,texto
1869,250,Aula 7,7,16,texto
1870,250,Aula 8,8,22,texto
1871,250,Aula 9,9,16,texto
1872,251,Aula 1,1,15,quiz
1873,251,Aula 2,2,12,quiz
1874,251,Aula 3,3,22,video
1875,251,Aula 4,4,17,quiz
1876,251,Aula 5,5,13,texto
1877,251,Aula 6,6,19,texto
1878,251,Aula 7,7,17,video
1879,251,Aula 8,8,6,texto
1880,251,Aula 9,9,24,video
1881,252,Aula 1,1,14,video
1882,252,Aula 2,2,14,video
1883,252,Aula 3,3,11,texto
1884,252,Aula 4,4,5,quiz
1885,252,Aula 5,5,13,quiz
1886,252,Aula 6,6,21,quiz
1887,252,Aula 7,7,23,quiz
1888,253,Aula 1,1,8,video
1889,253,Aula 2,2,19,texto
1890,253,Aula 3,3,9,video
1891,253,Aula 4,4,13,texto
1892,253,Aula 5,5,23,video
1893,253,Aula 6,6,12,texto
1894,253,Aula 7,7,14,video
1895,254,Aula 1,1,23,video
1896,254,Aula 2,2,7,quiz
1897,254,Aula 3,3,15,texto
1898,254,Aula 4,4,10,texto
1899,254,Aula 5,5,23,video
1900,254,Aula 6,6,24,quiz
1901,254,Aula 7,7,14,video
1902,254,Aula 8,8,23,texto
1903,254,Aula 9,9,7,video
1904,255,Aula 1,1,16,texto
1905,255,Aula 2,2,18,video
1906,255,Aula 3,3,12,quiz
1907,255,Aula 4,4,25,quiz
1908,255,Aula 5,5,5,quiz
1909,255,Aula 6,6,25,texto
1910,255,Aula 7,7,6,texto
1911,255,Aula 8,8,21,video
1912,256,Aula 1,1,22,quiz
1913,256,Aula 2,2,9,texto
1914,256,Aula 3,3,21,quiz
1915,256,Aula 4,4,12,video
1916,256,Aula 5,5,6,quiz
1917,256,Aula 6,6,17,texto
1918,256,Aula 7,7,24,quiz
1919,256,Aula 8,8,21,video
1920,257,Aula 1,1,18,texto
1921,257,Aula 2,2,17,video
1922,257,Aula 3,3,9,texto
1923,257,Aula 4,4,7,texto
1924,257,Aula 5,5,23,quiz
1925,257,Aula 6,6,6,quiz
1926,257,Aula 7,7,17,texto
1927,258,Aula 1,1,17,quiz
1928,258,Aula 2,2,18,quiz
1929,258,Aula 3,3,9,video
1930,258,Aula 4,4,20,quiz
1931,258,Aula 5,5,11,texto
1932,258,Aula 6,6,17,quiz
1933,259,Aula 1,1,22,quiz
1934,259,Aula 2,2,21,video
1935,259,Aula 3,3,12,video
1936,259,Aula 4,4,13,texto
1937,259,Aula 5,5,15,quiz
1938,259,Aula 6,6,23,video
1939,259,Aula 7,7,8,quiz
1940,260,Aula 1,1,18,texto
1941,260,Aula 2,2,16,video
1942,260,Aula 3,3,15,texto
1943,260,Aula 4,4,24,quiz
1944,260,Aula 5,5,5,texto
1945,260,Aula 6,6,10,texto
1946,260,Aula 7,7,24,texto
1947,260,Aula 8,8,24,video
1948,260,Aula 9,9,19,video
1949,261,Aula 1,1,11,quiz
1950,261,Aula 2,2,16,video
1951,261,Aula 3,3,7,video
1952,261,Aula 4,4,6,video
1953,261,Aula 5,5,24,video
1954,261,Aula 6,6,14,video
1955,261,Aula 7,7,15,quiz
1956,262,Aula 1,1,14,texto
1957,262,Aula 2,2,20,video
1958,262,Aula 3,3,15,video
1959,262,Aula 4,4,22,video
1960,262,Aula 5,5,11,quiz
1961,262,Aula 6,6,21,texto
1962,263,Aula 1,1,24,quiz
1963,263,Aula 2,2,9,quiz
1964,263,Aula 3,3,5,texto
1965,263,Aula 4,4,23,quiz
1966,263,Aula 5,5,21,video
1967,263,Aula 6,6,13,video
1968,263,Aula 7,7,6,texto
1969,263,Aula 8,8,11,quiz
1970,263,Aula 9,9,24,texto
1971,264,Aula 1,1,19,quiz
1972,264,Aula 2,2,5,video
1973,264,Aula 3,3,17,quiz
1974,264,Aula 4,4,13,quiz
1975,264,Aula 5,5,16,video
1976,264,Aula 6,6,5,texto
1977,265,Aula 1,1,12,texto
1978,265,Aula 2,2,21,quiz
1979,265,Aula 3,3,8,texto
1980,265,Aula 4,4,20,quiz
1981,265,Aula 5,5,22,video
1982,265,Aula 6,6,10,video
1983,265,Aula 7,7,21,texto
1984,265,Aula 8,8,22,quiz
1985,265,Aula 9,9,5,video
1986,266,Aula 1,1,21,texto
1987,266,Aula 2,2,15,texto
1988,266,Aula 3,3,17,quiz
1989,266,Aula 4,4,10,video
1990,266,Aula 5,5,16,quiz
1991,266,Aula 6,6,16,texto
1992,266,Aula 7,7,25,texto
1993,267,Aula 1,1,21,texto
1994,267,Aula 2,2,6,quiz
1995,267,Aula 3,3,13,texto
1996,267,Aula 4,4,5,quiz
1997,267,Aula 5,5,13,video
1998,267,Aula 6,6,9,texto
1999,267,Aula 7,7,17,quiz
2000,268,Aula 1,1,7,quiz
2001,268,Aula 2,2,17,quiz
2002,268,Aula 3,3,24,quiz
2003,268,Aula 4,4,12,texto
2004,268,Aula 5,5,12,quiz
2005,268,Aula 6,6,9,texto
2006,268,Aula 7,7,14,quiz
2007,269,Aula 1,1,19,quiz
2008,269,Aula 2,2,9,video
2009,269,Aula 3,3,25,video
2010,269,Aula 4,4,23,quiz
2011,269,Aula 5,5,11,video
2012,269,Aula 6,6,14,quiz
2013,269,Aula 7,7,21,video
2014,269,Aula 8,8,18,video
2015,270,Aula 1,1,15,video
2016,270,Aula 2,2,22,quiz
2017,270,Aula 3,3,8,video
2018,270,Aula 4,4,15,video
2019,270,Aula 5,5,5,texto
2020,270,Aula 6,6,18,texto
2021,270,Aula 7,7,14,texto
2022,271,Aula 1,1,9,video
2023,271,Aula 2,2,8,video
2024,271,Aula 3,3,10,video
2025,271,Aula 4,4,24,quiz
2026,271,Aula 5,5,13,quiz
2027,271,Aula 6,6,23,quiz
2028,271,Aula 7,7,12,quiz
2029,271,Aula 8,8,12,video
2030,272,Aula 1,1,16,video
2031,272,Aula 2,2,20,video
2032,272,Aula 3,3,21,quiz
2033,272,Aula 4,4,20,quiz
2034,272,Aula 5,5,25,texto
2035,272,Aula 6,6,10,texto
2036,273,Aula 1,1,20,video
2037,273,Aula 2,2,10,video
2038,273,Aula 3,3,12,video
2039,273,Aula 4,4,18,video
2040,273,Aula 5,5,13,texto
2041,273,Aula 6,6,12,quiz
2042,273,Aula 7,7,11,video
2043,273,Aula 8,8,7,video
2044,273,Aula 9,9,19,quiz
2045,274,Aula 1,1,15,texto
2046,274,Aula 2,2,12,texto
2047,274,Aula 3,3,17,video
2048,274,Aula 4,4,24,quiz
2049,274,Aula 5,5,17,quiz
2050,274,Aula 6,6,15,texto
2051,274,Aula 7,7,24,quiz
2052,274,Aula 8,8,23,quiz
2053,274,Aula 9,9,22,quiz
2054,275,Aula 1,1,21,video
2055,275,Aula 2,2,19,texto
2056,275,Aula 3,3,6,video
2057,275,Aula 4,4,21,quiz
2058,275,Aula 5,5,17,quiz
2059,275,Aula 6,6,6,quiz
2060,276,Aula 1,1,21,quiz
2061,276,Aula 2,2,6,video
2062,276,Aula 3,3,14,texto
2063,276,Aula 4,4,17,texto
2064,276,Aula 5,5,14,texto
2065,276,Aula 6,6,10,texto
2066,276,Aula 7,7,14,quiz
2067,276,Aula 8,8,6,quiz
2068,276,Aula 9,9,21,video
2069,277,Aula 1,1,25,texto
2070,277,Aula 2,2,7,quiz
2071,277,Aula 3,3,21,video
2072,277,Aula 4,4,10,quiz
2073,277,Aula 5,5,22,video
2074,277,Aula 6,6,17,texto
2075,277,Aula 7,7,15,texto
2076,277,Aula 8,8,5,video
2077,277,Aula 9,9,19,quiz
2078,278,Aula 1,1,19,video
2079,278,Aula 2,2,13,texto
2080,278,Aula 3,3,25,quiz
2081,278,Aula 4,4,10,quiz
2082,278,Aula 5,5,8,video
2083,278,Aula 6,6,8,quiz
2084,278,Aula 7,7,19,quiz
2085,279,Aula 1,1,7,quiz
2086,279,Aula 2,2,17,quiz
2087,279,Aula 3,3,21,quiz
2088,279,Aula 4,4,10,texto
2089,279,Aula 5,5,22,texto
2090,279,Aula 6,6,6,video
2091,279,Aula 7,7,15,quiz
2092,279,Aula 8,8,9,video
2093,280,Aula 1,1,10,quiz
2094,280,Aula 2,2,6,texto
2095,280,Aula 3,3,14,texto
2096,280,Aula 4,4,19,texto
2097,280,Aula 5,5,25,video
2098,280,Aula 6,6,8,video
2099,280,Aula 7,7,11,video
2100,281,Aula 1,1,5,texto
2101,281,Aula 2,2,20,texto
2102,281,Aula 3,3,22,video
2103,281,Aula 4,4,24,texto
2104,281,Aula 5,5,12,video
2105,281,Aula 6,6,23,quiz
2106,281,Aula 7,7,20,texto
2107,281,Aula 8,8,18,texto
2108,282,Aula 1,1,24,quiz
2109,282,Aula 2,2,5,video
2110,282,Aula 3,3,22,texto
2111,282,Aula 4,4,24,quiz
2112,282,Aula 5,5,22,video
2113,282,Aula 6,6,6,video
2114,283,Aula 1,1,6,quiz
2115,283,Aula 2,2,16,video
2116,283,Aula 3,3,9,video
2117,283,Aula 4,4,23,quiz
2118,283,Aula 5,5,14,texto
2119,283,Aula 6,6,7,video
2120,283,Aula 7,7,8,texto
2121,284,Aula 1,1,10,quiz
2122,284,Aula 2,2,14,quiz
2123,284,Aula 3,3,24,quiz
2124,284,Aula 4,4,22,video
2125,284,Aula 5,5,19,quiz
2126,284,Aula 6,6,23,texto
2127,284,Aula 7,7,6,video
2128,285,Aula 1,1,15,texto
2129,285,Aula 2,2,17,video
2130,285,Aula 3,3,18,quiz
2131,285,Aula 4,4,7,texto
2132,285,Aula 5,5,20,video
2133,285,Aula 6,6,8,quiz
2134,285,Aula 7,7,13,texto
2135,285,Aula 8,8,21,texto
2136,286,Aula 1,1,11,quiz
2137,286,Aula 2,2,6,video
2138,286,Aula 3,3,23,quiz
2139,286,Aula 4,4,25,quiz
2140,286,Aula 5,5,7,texto
2141,286,Aula 6,6,24,quiz
2142,286,Aula 7,7,14,texto
2143,287,Aula 1,1,13,quiz
2144,287,Aula 2,2,23,quiz
2145,287,Aula 3,3,16,video
2146,287,Aula 4,4,24,quiz
2147,287,Aula 5,5,20,quiz
2148,287,Aula 6,6,25,texto
2149,287,Aula 7,7,20,video
2150,287,Aula 8,8,24,video
2151,288,Aula 1,1,11,video
2152,288,Aula 2,2,8,video
2153,288,Aula 3,3,19,quiz
2154,288,Aula 4,4,8,quiz
2155,288,Aula 5,5,11,quiz
2156,288,Aula 6,6,18,texto
2157,288,Aula 7,7,6,texto
2158,288,Aula 8,8,16,quiz
2159,289,Aula 1,1,5,quiz
2160,289,Aula 2,2,11,quiz
2161,289,Aula 3,3,14,texto
2162,289,Aula 4,4,7,texto
2163,289,Aula 5,5,14,quiz
2164,289,Aula 6,6,22,texto
2165,289,Aula 7,7,5,video
2166,290,Aula 1,1,15,texto
2167,290,Aula 2,2,23,quiz
2168,290,Aula 3,3,5,video
2169,290,Aula 4,4,11,texto
2170,290,Aula 5,5,15,quiz
2171,290,Aula 6,6,20,texto
2172,290,Aula 7,7,6,quiz
2173,290,Aula 8,8,9,texto
2174,291,Aula 1,1,25,texto
2175,291,Aula 2,2,22,texto
2176,291,Aula 3,3,19,texto
2177,291,Aula 4,4,6,quiz
2178,291,Aula 5,5,14,quiz
2179,291,Aula 6,6,15,quiz
2180,291,Aula 7,7,22,video
2181,292,Aula 1,1,23,quiz
2182,292,Aula 2,2,15,texto
2183,292,Aula 3,3,7,video
2184,292,Aula 4,4,13,video
2185,292,Aula 5,5,15,texto
2186,292,Aula 6,6,25,quiz
2187,292,Aula 7,7,10,quiz
2188,293,Aula 1,1,10,quiz
2189,293,Aula 2,2,8,texto
2190,293,Aula 3,3,15,quiz
2191,293,Aula 4,4,6,texto
2192,293,Aula 5,5,18,video
2193,293,Aula 6,6,20,video
2194,293,Aula 7,7,16,texto
2195,293,Aula 8,8,14,video
2196,293,Aula 9,9,21,texto
2197,294,Aula 1,1,8,texto
2198,294,Aula 2,2,6,video
2199,294,Aula 3,3,7,texto
2200,294,Aula 4,4,21,video
2201,294,Aula 5,5,20,quiz
2202,294,Aula 6,6,9,video
2203,294,Aula 7,7,15,texto
2204,295,Aula 1,1,15,video
2205,295,Aula 2,2,8,quiz
2206,295,Aula 3,3,9,video
2207,295,Aula 4,4,6,texto
2208,295,Aula 5,5,17,quiz
2209,295,Aula 6,6,21,video
2210,295,Aula 7,7,5,texto
2211,295,Aula 8,8,6,quiz
2212,296,Aula 1,1,15,texto
2213,296,Aula 2,2,6,video
2214,296,Aula 3,3,21,quiz
2215,296,Aula 4,4,14,video
2216,296,Aula 5,5,23,texto
2217,296,Aula 6,6,25,video
2218,297,Aula 1,1,11,video
2219,297,Aula 2,2,14,texto
2220,297,Aula 3,3,22,texto
2221,297,Aula 4,4,19,quiz
2222,297,Aula 5,5,8,texto
2223,297,Aula 6,6,9,video
2224,297,Aula 7,7,13,video
2225,297,Aula 8,8,5,quiz
2226,298,Aula 1,1,11,quiz
2227,298,Aula 2,2,16,quiz
2228,298,Aula 3,3,15,texto
2229,298,Aula 4,4,9,quiz
2230,298,Aula 5,5,14,quiz
2231,298,Aula 6,6,12,video
2232,299,Aula 1,1,14,quiz
2233,299,Aula 2,2,15,quiz
2234,299,Aula 3,3,19,video
2235,299,Aula 4,4,9,video
2236,299,Aula 5,5,20,quiz
2237,299,Aula 6,6,6,video
2238,300,Aula 1,1,6,video
2239,300,Aula 2,2,18,texto
2240,300,Aula 3,3,10,quiz
2241,300,Aula 4,4,24,quiz
2242,300,Aula 5,5,25,quiz
2243,300,Aula 6,6,19,quiz
2244,300,Aula 7,7,16,texto
2245,300,Aula 8,8,15,video
2246,300,Aula 9,9,22,video
2247,301,Aula 1,1,23,video
2248,301,Aula 2,2,7,quiz
2249,301,Aula 3,3,19,video
2250,301,Aula 4,4,19,texto
2251,301,Aula 5,5,25,quiz
2252,301,Aula 6,6,19,texto
2253,301,Aula 7,7,12,video
2254,301,Aula 8,8,9,quiz
2255,301,Aula 9,9,13,texto
2256,302,Aula 1,1,10,quiz
2257,302,Aula 2,2,15,texto
2258,302,Aula 3,3,19,texto
2259,302,Aula 4,4,5,video
2260,302,Aula 5,5,20,video
2261,302,Aula 6,6,16,texto
2262,302,Aula 7,7,19,video
2263,302,Aula 8,8,14,texto
2264,302,Aula 9,9,24,quiz
2265,303,Aula 1,1,21,video
2266,303,Aula 2,2,17,quiz
2267,303,Aula 3,3,8,texto
2268,303,Aula 4,4,22,quiz
2269,303,Aula 5,5,7,texto
2270,303,Aula 6,6,22,texto
2271,303,Aula 7,7,17,quiz
2272,304,Aula 1,1,12,quiz
2273,304,Aula 2,2,12,quiz
2274,304,Aula 3,3,10,texto
2275,304,Aula 4,4,17,video
2276,304,Aula 5,5,15,video
2277,304,Aula 6,6,23,texto
2278,304,Aula 7,7,18,quiz
2279,304,Aula 8,8,15,quiz
2280,304,Aula 9,9,12,video
2281,305,Aula 1,1,23,texto
2282,305,Aula 2,2,8,quiz
2283,305,Aula 3,3,24,texto
2284,305,Aula 4,4,15,quiz
2285,305,Aula 5,5,8,texto
2286,305,Aula 6,6,10,texto
2287,306,Aula 1,1,7,quiz
2288,306,Aula 2,2,8,quiz
2289,306,Aula 3,3,24,texto
2290,306,Aula 4,4,15,texto
2291,306,Aula 5,5,25,quiz
2292,306,Aula 6,6,6,video
2293,306,Aula 7,7,11,video
2294,306,Aula 8,8,23,quiz
2295,306,Aula 9,9,5,video
2296,307,Aula 1,1,19,quiz
2297,307,Aula 2,2,14,texto
2298,307,Aula 3,3,24,quiz
2299,307,Aula 4,4,19,video
2300,307,Aula 5,5,11,quiz
2301,307,Aula 6,6,15,texto
2302,307,Aula 7,7,23,quiz
2303,308,Aula 1,1,18,quiz
2304,308,Aula 2,2,16,video
2305,308,Aula 3,3,23,video
2306,308,Aula 4,4,24,quiz
2307,308,Aula 5,5,17,video
2308,308,Aula 6,6,14,video
2309,308,Aula 7,7,16,quiz
2310,308,Aula 8,8,6,video
2311,309,Aula 1,1,8,texto
2312,309,Aula 2,2,5,video
2313,309,Aula 3,3,18,quiz
2314,309,Aula 4,4,23,texto
2315,309,Aula 5,5,25,texto
2316,309,Aula 6,6,17,texto
2317,309,Aula 7,7,17,texto
2318,309,Aula 8,8,22,video
2319,310,Aula 1,1,20,video
2320,310,Aula 2,2,11,quiz
2321,310,Aula 3,3,17,texto
2322,310,Aula 4,4,18,video
2323,310,Aula 5,5,14,quiz
2324,310,Aula 6,6,9,video
2325,310,Aula 7,7,5,video
2326,311,Aula 1,1,9,quiz
2327,311,Aula 2,2,20,quiz
2328,311,Aula 3,3,18,video
2329,311,Aula 4,4,7,video
2330,311,Aula 5,5,25,texto
2331,311,Aula 6,6,19,quiz
2332,312,Aula 1,1,24,video
2333,312,Aula 2,2,19,quiz
2334,312,Aula 3,3,18,quiz
2335,312,Aula 4,4,19,texto
2336,312,Aula 5,5,16,video
2337,312,Aula 6,6,10,texto
2338,312,Aula 7,7,24,video
2339,312,Aula 8,8,23,texto
2340,312,Aula 9,9,12,quiz
2341,313,Aula 1,1,18,quiz
2342,313,Aula 2,2,23,texto
2343,313,Aula 3,3,6,video
2344,313,Aula 4,4,23,texto
2345,313,Aula 5,5,16,video
2346,313,Aula 6,6,23,texto
2347,313,Aula 7,7,7,video
2348,313,Aula 8,8,21,texto
2349,314,Aula 1,1,21,video
2350,314,Aula 2,2,21,quiz
2351,314,Aula 3,3,7,video
2352,314,Aula 4,4,20,quiz
2353,314,Aula 5,5,7,quiz
2354,314,Aula 6,6,25,quiz
2355,314,Aula 7,7,23,texto
2356,314,Aula 8,8,24,video
2357,314,Aula 9,9,15,quiz
2358,315,Aula 1,1,20,texto
2359,315,Aula 2,2,21,texto
2360,315,Aula 3,3,23,quiz
2361,315,Aula 4,4,15,texto
2362,315,Aula 5,5,16,texto
2363,315,Aula 6,6,14,video
2364,316,Aula 1,1,24,quiz
2365,316,Aula 2,2,14,quiz
2366,316,Aula 3,3,23,texto
2367,316,Aula 4,4,6,quiz
2368,316,Aula 5,5,20,quiz
2369,316,Aula 6,6,10,quiz
2370,317,Aula 1,1,14,quiz
2371,317,Aula 2,2,24,video
2372,317,Aula 3,3,14,texto
2373,317,Aula 4,4,7,video
2374,317,Aula 5,5,21,video
2375,317,Aula 6,6,13,texto
2376,318,Aula 1,1,24,texto
2377,318,Aula 2,2,13,texto
2378,318,Aula 3,3,5,quiz
2379,318,Aula 4,4,8,quiz
2380,318,Aula 5,5,10,quiz
2381,318,Aula 6,6,9,quiz
2382,318,Aula 7,7,19,texto
2383,319,Aula 1,1,13,quiz
2384,319,Aula 2,2,12,texto
2385,319,Aula 3,3,10,quiz
2386,319,Aula 4,4,6,texto
2387,319,Aula 5,5,7,video
2388,319,Aula 6,6,24,video
2389,319,Aula 7,7,20,texto
2390,320,Aula 1,1,12,quiz
2391,320,Aula 2,2,19,quiz
2392,320,Aula 3,3,25,video
2393,320,Aula 4,4,11,quiz
2394,320,Aula 5,5,16,video
2395,320,Aula 6,6,25,texto
2396,320,Aula 7,7,8,video
2397,320,Aula 8,8,10,texto
2398,320,Aula 9,9,17,texto
2399,321,Aula 1,1,20,quiz
2400,321,Aula 2,2,22,video
2401,321,Aula 3,3,17,quiz
2402,321,Aula 4,4,17,texto
2403,321,Aula 5,5,13,video
2404,321,Aula 6,6,21,texto
2405,321,Aula 7,7,5,texto
2406,321,Aula 8,8,19,texto
2407,322,Aula 1,1,21,quiz
2408,322,Aula 2,2,6,video
2409,322,Aula 3,3,22,quiz
2410,322,Aula 4,4,16,texto
2411,322,Aula 5,5,24,quiz
2412,322,Aula 6,6,13,texto
2413,322,Aula 7,7,13,texto
2414,322,Aula 8,8,8,texto
2415,323,Aula 1,1,19,quiz
2416,323,Aula 2,2,12,quiz
2417,323,Aula 3,3,23,video
2418,323,Aula 4,4,21,texto
2419,323,Aula 5,5,10,texto
2420,323,Aula 6,6,22,video
2421,323,Aula 7,7,5,video
2422,323,Aula 8,8,5,texto
2423,323,Aula 9,9,8,quiz
2424,324,Aula 1,1,19,texto
2425,324,Aula 2,2,12,quiz
2426,324,Aula 3,3,14,texto
2427,324,Aula 4,4,11,video
2428,324,Aula 5,5,5,quiz
2429,324,Aula 6,6,7,video
2430,325,Aula 1,1,24,quiz
2431,325,Aula 2,2,8,quiz
2432,325,Aula 3,3,8,video
2433,325,Aula 4,4,24,video
2434,325,Aula 5,5,17,quiz
2435,325,Aula 6,6,25,quiz
2436,325,Aula 7,7,10,video
2437,326,Aula 1,1,13,texto
2438,326,Aula 2,2,19,quiz
2439,326,Aula 3,3,7,quiz
2440,326,Aula 4,4,19,texto
2441,326,Aula 5,5,18,quiz
2442,326,Aula 6,6,15,texto
2443,326,Aula 7,7,10,video
2444,327,Aula 1,1,6,texto
2445,327,Aula 2,2,17,texto
2446,327,Aula 3,3,6,texto
2447,327,Aula 4,4,13,video
2448,327,Aula 5,5,19,video
2449,327,Aula 6,6,20,video
2450,327,Aula 7,7,24,texto
2451,327,Aula 8,8,10,quiz
2452,328,Aula 1,1,8,video
2453,328,Aula 2,2,22,texto
2454,328,Aula 3,3,11,quiz
2455,328,Aula 4,4,25,video
2456,328,Aula 5,5,19,quiz
2457,328,Aula 6,6,13,video
2458,328,Aula 7,7,6,video
2459,328,Aula 8,8,7,quiz
2460,328,Aula 9,9,13,texto
2461,329,Aula 1,1,20,video
2462,329,Aula 2,2,25,quiz
2463,329,Aula 3,3,5,video
2464,329,Aula 4,4,17,texto
2465,329,Aula 5,5,9,quiz
2466,329,Aula 6,6,15,texto
2467,330,Aula 1,1,21,quiz
2468,330,Aula 2,2,20,texto
2469,330,Aula 3,3,18,texto
2470,330,Aula 4,4,7,quiz
2471,330,Aula 5,5,12,video
2472,330,Aula 6,6,17,quiz
2473,331,Aula 1,1,8,quiz
2474,331,Aula 2,2,22,texto
2475,331,Aula 3,3,15,quiz
2476,331,Aula 4,4,14,texto
2477,331,Aula 5,5,6,quiz
2478,331,Aula 6,6,25,video
2479,331,Aula 7,7,16,quiz
2480,331,Aula 8,8,15,video
2481,331,Aula 9,9,19,texto
2482,332,Aula 1,1,10,quiz
2483,332,Aula 2,2,6,texto
2484,332,Aula 3,3,11,texto
2485,332,Aula 4,4,17,video
2486,332,Aula 5,5,25,quiz
2487,332,Aula 6,6,16,texto
2488,332,Aula 7,7,7,quiz
2489,333,Aula 1,1,11,video
2490,333,Aula 2,2,6,video
2491,333,Aula 3,3,5,quiz
2492,333,Aula 4,4,23,video
2493,333,Aula 5,5,20,texto
2494,333,Aula 6,6,7,quiz
2495,333,Aula 7,7,25,texto
2496,333,Aula 8,8,20,quiz
2497,333,Aula 9,9,19,video
2498,334,Aula 1,1,15,video
2499,334,Aula 2,2,15,quiz
2500,334,Aula 3,3,6,texto
2501,334,Aula 4,4,8,video
2502,334,Aula 5,5,25,quiz
2503,334,Aula 6,6,21,texto
2504,335,Aula 1,1,23,video
2505,335,Aula 2,2,7,video
2506,335,Aula 3,3,9,texto
2507,335,Aula 4,4,25,video
2508,335,Aula 5,5,20,quiz
2509,335,Aula 6,6,6,video
2510,335,Aula 7,7,25,video
2511,336,Aula 1,1,10,quiz
2512,336,Aula 2,2,6,texto
2513,336,Aula 3,3,8,texto
2514,336,Aula 4,4,24,video
2515,336,Aula 5,5,23,video
2516,336,Aula 6,6,8,video
2517,337,Aula 1,1,24,quiz
2518,337,Aula 2,2,12,video
2519,337,Aula 3,3,11,texto
2520,337,Aula 4,4,15,quiz
2521,337,Aula 5,5,17,texto
2522,337,Aula 6,6,8,quiz
2523,337,Aula 7,7,23,quiz
2524,337,Aula 8,8,9,texto
2525,337,Aula 9,9,11,video
2526,338,Aula 1,1,15,video
2527,338,Aula 2,2,8,texto
2528,338,Aula 3,3,9,texto
2529,338,Aula 4,4,10,quiz
2530,338,Aula 5,5,16,quiz
2531,338,Aula 6,6,10,texto
2532,338,Aula 7,7,12,quiz
2533,339,Aula 1,1,9,video
2534,339,Aula 2,2,25,quiz
2535,339,Aula 3,3,17,video
2536,339,Aula 4,4,5,texto
2537,339,Aula 5,5,7,video
2538,339,Aula 6,6,5,video
2539,340,Aula 1,1,25,quiz
2540,340,Aula 2,2,14,texto
2541,340,Aula 3,3,20,quiz
2542,340,Aula 4,4,9,video
2543,340,Aula 5,5,9,quiz
2544,340,Aula 6,6,13,quiz
2545,341,Aula 1,1,18,video
2546,341,Aula 2,2,10,quiz
2547,341,Aula 3,3,6,quiz
2548,341,Aula 4,4,10,quiz
2549,341,Aula 5,5,20,quiz
2550,341,Aula 6,6,7,quiz
2551,341,Aula 7,7,14,texto
2552,341,Aula 8,8,18,video
2553,341,Aula 9,9,22,video
2554,342,Aula 1,1,8,quiz
2555,342,Aula 2,2,8,quiz
2556,342,Aula 3,3,16,quiz
2557,342,Aula 4,4,21,video
2558,342,Aula 5,5,19,quiz
2559,342,Aula 6,6,11,texto
2560,342,Aula 7,7,6,video
2561,343,Aula 1,1,9,quiz
2562,343,Aula 2,2,20,texto
2563,343,Aula 3,3,10,video
2564,343,Aula 4,4,6,video
2565,343,Aula 5,5,25,texto
2566,343,Aula 6,6,14,video
2567,344,Aula 1,1,13,texto
2568,344,Aula 2,2,24,texto
2569,344,Aula 3,3,6,video
2570,344,Aula 4,4,6,quiz
2571,344,Aula 5,5,10,video
2572,344,Aula 6,6,5,texto
2573,344,Aula 7,7,21,video
2574,344,Aula 8,8,7,video
2575,344,Aula 9,9,19,quiz
2576,345,Aula 1,1,18,video
2577,345,Aula 2,2,15,video
2578,345,Aula 3,3,8,texto
2579,345,Aula 4,4,12,video
2580,345,Aula 5,5,12,quiz
2581,345,Aula 6,6,18,video
2582,345,Aula 7,7,17,video
2583,345,Aula 8,8,7,texto
2584,346,Aula 1,1,6,texto
2585,346,Aula 2,2,9,video
2586,346,Aula 3,3,24,texto
2587,346,Aula 4,4,10,texto
2588,346,Aula 5,5,16,video
2589,346,Aula 6,6,19,quiz
2590,346,Aula 7,7,11,quiz
2591,346,Aula 8,8,16,texto
2592,346,Aula 9,9,11,texto
2593,347,Aula 1,1,6,quiz
2594,347,Aula 2,2,23,video
2595,347,Aula 3,3,13,video
2596,347,Aula 4,4,8,texto
2597,347,Aula 5,5,19,texto
2598,347,Aula 6,6,10,texto
2599,347,Aula 7,7,12,texto
2600,348,Aula 1,1,25,quiz
2601,348,Aula 2,2,10,quiz
2602,348,Aula 3,3,22,video
2603,348,Aula 4,4,7,texto
2604,348,Aula 5,5,21,texto
2605,348,Aula 6,6,11,quiz
2606,348,Aula 7,7,20,texto
2607,349,Aula 1,1,5,quiz
2608,349,Aula 2,2,18,quiz
2609,349,Aula 3,3,12,video
2610,349,Aula 4,4,15,texto
2611,349,Aula 5,5,23,video
2612,349,Aula 6,6,23,video
2613,349,Aula 7,7,23,video
2614,349,Aula 8,8,18,video
2615,350,Aula 1,1,20,quiz
2616,350,Aula 2,2,21,video
2617,350,Aula 3,3,18,quiz
2618,350,Aula 4,4,17,texto
2619,350,Aula 5,5,8,texto
2620,350,Aula 6,6,20,video
2621,351,Aula 1,1,22,video
2622,351,Aula 2,2,18,video
2623,351,Aula 3,3,9,texto
2624,351,Aula 4,4,14,video
2625,351,Aula 5,5,25,video
2626,351,Aula 6,6,5,texto
2627,352,Aula 1,1,10,quiz
2628,352,Aula 2,2,19,quiz
2629,352,Aula 3,3,23,video
2630,352,Aula 4,4,19,texto
2631,352,Aula 5,5,9,quiz
2632,352,Aula 6,6,17,video
2633,352,Aula 7,7,16,quiz
2634,352,Aula 8,8,19,quiz
2635,353,Aula 1,1,25,video
2636,353,Aula 2,2,17,quiz
2637,353,Aula 3,3,15,quiz
2638,353,Aula 4,4,6,texto
2639,353,Aula 5,5,18,texto
2640,353,Aula 6,6,24,quiz
2641,354,Aula 1,1,7,quiz
2642,354,Aula 2,2,15,quiz
2643,354,Aula 3,3,6,quiz
2644,354,Aula 4,4,16,video
2645,354,Aula 5,5,8,texto
2646,354,Aula 6,6,16,texto
2647,354,Aula 7,7,24,video
2648,355,Aula 1,1,16,video
2649,355,Aula 2,2,25,quiz
2650,355,Aula 3,3,7,quiz
2651,355,Aula 4,4,11,video
2652,355,Aula 5,5,15,video
2653,355,Aula 6,6,22,video
2654,355,Aula 7,7,25,texto
2655,355,Aula 8,8,23,quiz
2656,356,Aula 1,1,12,texto
2657,356,Aula 2,2,16,texto
2658,356,Aula 3,3,21,quiz
2659,356,Aula 4,4,18,texto
2660,356,Aula 5,5,6,video
2661,356,Aula 6,6,16,texto
2662,356,Aula 7,7,19,texto
2663,357,Aula 1,1,20,quiz
2664,357,Aula 2,2,22,quiz
2665,357,Aula 3,3,22,texto
2666,357,Aula 4,4,19,quiz
2667,357,Aula 5,5,16,quiz
2668,357,Aula 6,6,7,video
2669,358,Aula 1,1,7,video
2670,358,Aula 2,2,17,video
2671,358,Aula 3,3,14,video
2672,358,Aula 4,4,8,video
2673,358,Aula 5,5,13,video
2674,358,Aula 6,6,9,texto
2675,358,Aula 7,7,9,video
2676,358,Aula 8,8,21,quiz
2677,358,Aula 9,9,5,texto
2678,359,Aula 1,1,22,video
2679,359,Aula 2,2,20,texto
2680,359,Aula 3,3,18,texto
2681,359,Aula 4,4,25,video
2682,359,Aula 5,5,14,video
2683,359,Aula 6,6,7,video
2684,359,Aula 7,7,12,quiz
2685,359,Aula 8,8,25,texto
2686,359,Aula 9,9,18,quiz
2687,360,Aula 1,1,25,quiz
2688,360,Aula 2,2,15,texto
2689,360,Aula 3,3,23,quiz
2690,360,Aula 4,4,21,quiz
2691,360,Aula 5,5,19,texto
2692,360,Aula 6,6,14,quiz
2693,360,Aula 7,7,9,texto
2694,360,Aula 8,8,10,texto
2695,361,Aula 1,1,20,texto
2696,361,Aula 2,2,14,video
2697,361,Aula 3,3,9,texto
2698,361,Aula 4,4,14,texto
2699,361,Aula 5,5,10,quiz
2700,361,Aula 6,6,10,quiz
2701,361,Aula 7,7,22,texto
2702,362,Aula 1,1,10,quiz
2703,362,Aula 2,2,9,video
2704,362,Aula 3,3,12,video
2705,362,Aula 4,4,6,texto
2706,362,Aula 5,5,23,video
2707,362,Aula 6,6,19,texto
2708,362,Aula 7,7,16,video
2709,363,Aula 1,1,22,quiz
2710,363,Aula 2,2,6,quiz
2711,363,Aula 3,3,15,texto
2712,363,Aula 4,4,9,texto
2713,363,Aula 5,5,19,quiz
2714,363,Aula 6,6,10,quiz
2715,363,Aula 7,7,14,video
2716,364,Aula 1,1,17,texto
2717,364,Aula 2,2,9,texto
2718,364,Aula 3,3,15,video
2719,364,Aula 4,4,5,quiz
2720,364,Aula 5,5,22,quiz
2721,364,Aula 6,6,15,quiz
2722,365,Aula 1,1,20,texto
2723,365,Aula 2,2,23,quiz
2724,365,Aula 3,3,9,quiz
2725,365,Aula 4,4,19,texto
2726,365,Aula 5,5,8,quiz
2727,365,Aula 6,6,20,video
2728,365,Aula 7,7,9,quiz
2729,365,Aula 8,8,22,video
2730,366,Aula 1,1,5,texto
2731,366,Aula 2,2,24,video
2732,366,Aula 3,3,19,texto
2733,366,Aula 4,4,7,texto
2734,366,Aula 5,5,6,quiz
2735,366,Aula 6,6,25,video
2736,366,Aula 7,7,23,quiz
2737,366,Aula 8,8,12,texto
2738,367,Aula 1,1,5,video
2739,367,Aula 2,2,22,texto
2740,367,Aula 3,3,7,quiz
2741,367,Aula 4,4,17,video
2742,367,Aula 5,5,20,texto
2743,367,Aula 6,6,24,quiz
2744,367,Aula 7,7,21,video
2745,368,Aula 1,1,17,video
2746,368,Aula 2,2,18,texto
2747,368,Aula 3,3,17,texto
2748,368,Aula 4,4,5,texto
2749,368,Aula 5,5,16,texto
2750,368,Aula 6,6,14,texto
2751,368,Aula 7,7,22,video
2752,368,Aula 8,8,11,quiz
2753,369,Aula 1,1,18,texto
2754,369,Aula 2,2,14,video
2755,369,Aula 3,3,18,quiz
2756,369,Aula 4,4,18,video
2757,369,Aula 5,5,23,quiz
2758,369,Aula 6,6,7,video
2759,369,Aula 7,7,11,texto
2760,369,Aula 8,8,20,quiz
2761,369,Aula 9,9,15,video
2762,370,Aula 1,1,7,video
2763,370,Aula 2,2,18,quiz
2764,370,Aula 3,3,13,texto
2765,370,Aula 4,4,10,quiz
2766,370,Aula 5,5,19,quiz
2767,370,Aula 6,6,23,video
2768,370,Aula 7,7,11,video
2769,370,Aula 8,8,17,texto
2770,370,Aula 9,9,22,texto
2771,371,Aula 1,1,14,quiz
2772,371,Aula 2,2,14,texto
2773,371,Aula 3,3,22,quiz
2774,371,Aula 4,4,19,video
2775,371,Aula 5,5,5,video
2776,371,Aula 6,6,9,texto
2777,372,Aula 1,1,25,quiz
2778,372,Aula 2,2,20,video
2779,372,Aula 3,3,25,quiz
2780,372,Aula 4,4,14,texto
2781,372,Aula 5,5,10,texto
2782,372,Aula 6,6,25,video
2783,372,Aula 7,7,5,video
2784,372,Aula 8,8,13,texto
2785,373,Aula 1,1,24,quiz
2786,373,Aula 2,2,16,quiz
2787,373,Aula 3,3,20,quiz
2788,373,Aula 4,4,18,texto
2789,373,Aula 5,5,25,quiz
2790,373,Aula 6,6,20,quiz
2791,374,Aula 1,1,16,quiz
2792,374,Aula 2,2,23,video
2793,374,Aula 3,3,13,video
2794,374,Aula 4,4,23,video
2795,374,Aula 5,5,9,texto
2796,374,Aula 6,6,19,quiz
2797,375,Aula 1,1,16,video
2798,375,Aula 2,2,6,texto
2799,375,Aula 3,3,16,texto
2800,375,Aula 4,4,25,texto
2801,375,Aula 5,5,6,texto
2802,375,Aula 6,6,14,quiz
2803,375,Aula 7,7,25,video
2804,376,Aula 1,1,25,video
2805,376,Aula 2,2,8,quiz
2806,376,Aula 3,3,10,quiz
2807,376,Aula 4,4,15,texto
2808,376,Aula 5,5,14,texto
2809,376,Aula 6,6,16,video
2810,376,Aula 7,7,22,quiz
2811,377,Aula 1,1,9,video
2812,377,Aula 2,2,9,quiz
2813,377,Aula 3,3,14,texto
2814,377,Aula 4,4,20,texto
2815,377,Aula 5,5,15,video
2816,377,Aula 6,6,8,video
2817,377,Aula 7,7,9,quiz
2818,377,Aula 8,8,12,video
2819,378,Aula 1,1,18,texto
2820,378,Aula 2,2,7,video
2821,378,Aula 3,3,9,video
2822,378,Aula 4,4,20,texto
2823,378,Aula 5,5,14,quiz
2824,378,Aula 6,6,16,video
2825,379,Aula 1,1,24,quiz
2826,379,Aula 2,2,15,video
2827,379,Aula 3,3,14,video
2828,379,Aula 4,4,8,video
2829,379,Aula 5,5,9,quiz
2830,379,Aula 6,6,9,quiz
2831,379,Aula 7,7,12,texto
2832,379,Aula 8,8,9,video
2833,379,Aula 9,9,9,video
2834,380,Aula 1,1,8,video
2835,380,Aula 2,2,5,texto
2836,380,Aula 3,3,18,video
2837,380,Aula 4,4,11,video
2838,380,Aula 5,5,6,quiz
2839,380,Aula 6,6,21,quiz
2840,380,Aula 7,7,6,texto
2841,380,Aula 8,8,8,texto
2842,380,Aula 9,9,6,video
2843,381,Aula 1,1,5,video
2844,381,Aula 2,2,8,quiz
2845,381,Aula 3,3,11,quiz
2846,381,Aula 4,4,11,video
2847,381,Aula 5,5,16,video
2848,381,Aula 6,6,7,video
2849,381,Aula 7,7,13,quiz
2850,381,Aula 8,8,16,texto
2851,382,Aula 1,1,21,quiz
2852,382,Aula 2,2,24,video
2853,382,Aula 3,3,21,quiz
2854,382,Aula 4,4,7,video
2855,382,Aula 5,5,23,video
2856,382,Aula 6,6,21,video
2857,382,Aula 7,7,11,texto
2858,383,Aula 1,1,22,video
2859,383,Aula 2,2,8,video
2860,383,Aula 3,3,21,quiz
2861,383,Aula 4,4,20,texto
2862,383,Aula 5,5,23,video
2863,383,Aula 6,6,19,quiz
2864,383,Aula 7,7,8,video
2865,384,Aula 1,1,17,texto
2866,384,Aula 2,2,11,quiz
2867,384,Aula 3,3,12,texto
2868,384,Aula 4,4,8,texto
2869,384,Aula 5,5,8,texto
2870,384,Aula 6,6,8,quiz
2871,384,Aula 7,7,9,texto
2872,384,Aula 8,8,16,quiz
2873,385,Aula 1,1,22,quiz
2874,385,Aula 2,2,6,video
2875,385,Aula 3,3,15,texto
2876,385,Aula 4,4,8,texto
2877,385,Aula 5,5,14,texto
2878,385,Aula 6,6,24,quiz
2879,385,Aula 7,7,14,quiz
2880,385,Aula 8,8,19,video
2881,386,Aula 1,1,14,texto
2882,386,Aula 2,2,11,video
2883,386,Aula 3,3,20,quiz
2884,386,Aula 4,4,16,video
2885,386,Aula 5,5,5,quiz
2886,386,Aula 6,6,20,quiz
2887,386,Aula 7,7,8,texto
2888,386,Aula 8,8,19,quiz
2889,386,Aula 9,9,7,video
2890,387,Aula 1,1,17,texto
2891,387,Aula 2,2,23,video
2892,387,Aula 3,3,10,video
2893,387,Aula 4,4,16,video
2894,387,Aula 5,5,15,video
2895,387,Aula 6,6,24,texto
2896,387,Aula 7,7,8,video
2897,388,Aula 1,1,20,texto
2898,388,Aula 2,2,23,quiz
2899,388,Aula 3,3,13,quiz
2900,388,Aula 4,4,17,texto
2901,388,Aula 5,5,20,quiz
2902,388,Aula 6,6,24,texto
2903,388,Aula 7,7,20,quiz
2904,388,Aula 8,8,13,video
2905,388,Aula 9,9,19,video
2906,389,Aula 1,1,13,texto
2907,389,Aula 2,2,20,video
2908,389,Aula 3,3,25,video
2909,389,Aula 4,4,5,video
2910,389,Aula 5,5,6,video
2911,389,Aula 6,6,20,quiz
2912,390,Aula 1,1,10,texto
2913,390,Aula 2,2,24,quiz
2914,390,Aula 3,3,15,video
2915,390,Aula 4,4,14,quiz
2916,390,Aula 5,5,24,video
2917,390,Aula 6,6,7,quiz
2918,391,Aula 1,1,19,video
2919,391,Aula 2,2,14,quiz
2920,391,Aula 3,3,20,texto
2921,391,Aula 4,4,21,texto
2922,391,Aula 5,5,22,texto
2923,391,Aula 6,6,22,quiz
2924,391,Aula 7,7,5,video
2925,391,Aula 8,8,18,video
2926,391,Aula 9,9,17,texto
2927,392,Aula 1,1,17,texto
2928,392,Aula 2,2,19,video
2929,392,Aula 3,3,6,video
2930,392,Aula 4,4,22,quiz
2931,392,Aula 5,5,14,quiz
2932,392,Aula 6,6,10,texto
2933,392,Aula 7,7,18,video
2934,392,Aula 8,8,14,quiz
2935,393,Aula 1,1,20,video
2936,393,Aula 2,2,23,quiz
2937,393,Aula 3,3,20,quiz
2938,393,Aula 4,4,22,quiz
2939,393,Aula 5,5,22,quiz
2940,393,Aula 6,6,20,texto
2941,393,Aula 7,7,22,video
2942,393,Aula 8,8,21,video
2943,393,Aula 9,9,17,texto
2944,394,Aula 1,1,23,texto
2945,394,Aula 2,2,24,quiz
2946,394,Aula 3,3,16,texto
2947,394,Aula 4,4,15,video
2948,394,Aula 5,5,5,quiz
2949,394,Aula 6,6,6,video
2950,394,Aula 7,7,16,texto
2951,394,Aula 8,8,23,video
2952,394,Aula 9,9,25,texto
2953,395,Aula 1,1,8,texto
2954,395,Aula 2,2,16,texto
2955,395,Aula 3,3,18,texto
2956,395,Aula 4,4,6,quiz
2957,395,Aula 5,5,12,video
2958,395,Aula 6,6,12,quiz
2959,395,Aula 7,7,14,quiz
2960,395,Aula 8,8,7,quiz
2961,395,Aula 9,9,7,texto
2962,396,Aula 1,1,15,video
2963,396,Aula 2,2,5,quiz
2964,396,Aula 3,3,15,video
2965,396,Aula 4,4,19,quiz
2966,396,Aula 5,5,18,quiz
2967,396,Aula 6,6,21,texto
2968,397,Aula 1,1,5,quiz
2969,397,Aula 2,2,20,quiz
2970,397,Aula 3,3,5,texto
2971,397,Aula 4,4,17,quiz
2972,397,Aula 5,5,17,texto
2973,397,Aula 6,6,23,video
2974,397,Aula 7,7,20,video
2975,397,Aula 8,8,11,texto
2976,398,Aula 1,1,21,quiz
2977,398,Aula 2,2,15,video
2978,398,Aula 3,3,24,texto
2979,398,Aula 4,4,16,texto
2980,398,Aula 5,5,11,texto
2981,398,Aula 6,6,25,video
2982,398,Aula 7,7,22,video
2983,398,Aula 8,8,14,texto
2984,398,Aula 9,9,6,texto
2985,399,Aula 1,1,12,quiz
2986,399,Aula 2,2,7,quiz
2987,399,Aula 3,3,23,video
2988,399,Aula 4,4,23,texto
2989,399,Aula 5,5,13,video
2990,399,Aula 6,6,23,quiz
2991,399,Aula 7,7,20,texto
2992,399,Aula 8,8,11,texto
2993,399,Aula 9,9,7,quiz
2994,400,Aula 1,1,21,texto
2995,400,Aula 2,2,18,quiz
2996,400,Aula 3,3,22,texto
2997,400,Aula 4,4,11,texto
2998,400,Aula 5,5,17,texto
2999,400,Aula 6,6,24,quiz
3000,400,Aula 7,7,19,quiz
3001,400,Aula 8,8,22,video
3002,401,Aula 1,1,25,quiz
3003,401,Aula 2,2,21,video
3004,401,Aula 3,3,23,texto
3005,401,Aula 4,4,11,quiz
3006,401,Aula 5,5,19,texto
3007,401,Aula 6,6,25,quiz
3008,402,Aula 1,1,23,quiz
3009,402,Aula 2,2,25,video
3010,402,Aula 3,3,21,video
3011,402,Aula 4,4,16,texto
3012,402,Aula 5,5,9,video
3013,402,Aula 6,6,9,quiz
3014,402,Aula 7,7,14,texto
3015,402,Aula 8,8,18,texto
3016,402,Aula 9,9,7,quiz
3017,403,Aula 1,1,18,texto
3018,403,Aula 2,2,14,quiz
3019,403,Aula 3,3,10,texto
3020,403,Aula 4,4,24,video
3021,403,Aula 5,5,17,video
3022,403,Aula 6,6,8,video
3023,403,Aula 7,7,11,video
3024,404,Aula 1,1,14,texto
3025,404,Aula 2,2,20,quiz
3026,404,Aula 3,3,18,texto
3027,404,Aula 4,4,25,video
3028,404,Aula 5,5,11,video
3029,404,Aula 6,6,13,video
3030,404,Aula 7,7,5,texto
3031,405,Aula 1,1,22,video
3032,405,Aula 2,2,25,video
3033,405,Aula 3,3,20,video
3034,405,Aula 4,4,6,video
3035,405,Aula 5,5,15,quiz
3036,405,Aula 6,6,14,video
3037,405,Aula 7,7,18,texto
3038,405,Aula 8,8,7,texto
3039,406,Aula 1,1,12,video
3040,406,Aula 2,2,23,quiz
3041,406,Aula 3,3,21,video
3042,406,Aula 4,4,21,quiz
3043,406,Aula 5,5,23,quiz
3044,406,Aula 6,6,13,texto
3045,406,Aula 7,7,7,video
3046,407,Aula 1,1,15,texto
3047,407,Aula 2,2,23,quiz
3048,407,Aula 3,3,17,quiz
3049,407,Aula 4,4,12,texto
3050,407,Aula 5,5,11,video
3051,407,Aula 6,6,8,video
3052,408,Aula 1,1,13,texto
3053,408,Aula 2,2,18,texto
3054,408,Aula 3,3,23,video
3055,408,Aula 4,4,20,quiz
3056,408,Aula 5,5,16,quiz
3057,408,Aula 6,6,8,texto
3058,408,Aula 7,7,22,texto
3059,409,Aula 1,1,12,texto
3060,409,Aula 2,2,9,texto
3061,409,Aula 3,3,20,quiz
3062,409,Aula 4,4,16,texto
3063,409,Aula 5,5,5,quiz
3064,409,Aula 6,6,24,video
3065,409,Aula 7,7,6,quiz
3066,409,Aula 8,8,12,texto
3067,409,Aula 9,9,22,texto
3068,410,Aula 1,1,25,quiz
3069,410,Aula 2,2,16,quiz
3070,410,Aula 3,3,8,quiz
3071,410,Aula 4,4,12,texto
3072,410,Aula 5,5,17,video
3073,410,Aula 6,6,17,texto
3074,410,Aula 7,7,14,video
3075,410,Aula 8,8,12,texto
3076,411,Aula 1,1,10,texto
3077,411,Aula 2,2,25,texto
3078,411,Aula 3,3,25,texto
3079,411,Aula 4,4,6,texto
3080,411,Aula 5,5,7,texto
3081,411,Aula 6,6,20,quiz
3082,411,Aula 7,7,18,texto
3083,412,Aula 1,1,8,video
3084,412,Aula 2,2,13,quiz
3085,412,Aula 3,3,7,texto
3086,412,Aula 4,4,18,quiz
3087,412,Aula 5,5,22,quiz
3088,412,Aula 6,6,15,texto
3089,412,Aula 7,7,5,video
3090,412,Aula 8,8,25,quiz
3091,412,Aula 9,9,10,quiz
3092,413,Aula 1,1,25,video
3093,413,Aula 2,2,5,texto
3094,413,Aula 3,3,11,quiz
3095,413,Aula 4,4,14,texto
3096,413,Aula 5,5,23,video
3097,413,Aula 6,6,8,video
3098,413,Aula 7,7,12,quiz
3099,413,Aula 8,8,25,video
3100,413,Aula 9,9,24,quiz
3101,414,Aula 1,1,15,texto
3102,414,Aula 2,2,20,quiz
3103,414,Aula 3,3,9,texto
3104,414,Aula 4,4,10,quiz
3105,414,Aula 5,5,23,texto
3106,414,Aula 6,6,14,video
3107,414,Aula 7,7,7,texto
3108,414,Aula 8,8,16,video
3109,414,Aula 9,9,17,texto
3110,415,Aula 1,1,5,video
3111,415,Aula 2,2,22,quiz
3112,415,Aula 3,3,24,quiz
3113,415,Aula 4,4,12,video
3114,415,Aula 5,5,19,video
3115,415,Aula 6,6,13,quiz
3116,415,Aula 7,7,10,video
3117,416,Aula 1,1,24,texto
3118,416,Aula 2,2,24,texto
3119,416,Aula 3,3,9,video
3120,416,Aula 4,4,16,video
3121,416,Aula 5,5,23,video
3122,416,Aula 6,6,5,quiz
3123,416,Aula 7,7,21,texto
3124,416,Aula 8,8,19,quiz
3125,416,Aula 9,9,20,video
3126,417,Aula 1,1,11,video
3127,417,Aula 2,2,13,texto
3128,417,Aula 3,3,20,texto
3129,417,Aula 4,4,9,texto
3130,417,Aula 5,5,11,quiz
3131,417,Aula 6,6,11,texto
3132,417,Aula 7,7,11,texto
3133,418,Aula 1,1,18,video
3134,418,Aula 2,2,5,texto
3135,418,Aula 3,3,13,video
3136,418,Aula 4,4,24,texto
3137,418,Aula 5,5,12,texto
3138,418,Aula 6,6,23,quiz
3139,418,Aula 7,7,25,texto
3140,419,Aula 1,1,5,texto
3141,419,Aula 2,2,9,texto
3142,419,Aula 3,3,17,quiz
3143,419,Aula 4,4,11,quiz
3144,419,Aula 5,5,17,quiz
3145,419,Aula 6,6,18,quiz
3146,420,Aula 1,1,7,video
3147,420,Aula 2,2,22,video
3148,420,Aula 3,3,6,texto
3149,420,Aula 4,4,12,texto
3150,420,Aula 5,5,16,quiz
3151,420,Aula 6,6,24,quiz
3152,420,Aula 7,7,6,video
3153,420,Aula 8,8,13,quiz
3154,421,Aula 1,1,14,texto
3155,421,Aula 2,2,16,video
3156,421,Aula 3,3,22,video
3157,421,Aula 4,4,23,video
3158,421,Aula 5,5,13,video
3159,421,Aula 6,6,21,texto
3160,421,Aula 7,7,15,texto
3161,421,Aula 8,8,9,video
3162,421,Aula 9,9,15,quiz
3163,422,Aula 1,1,9,texto
3164,422,Aula 2,2,8,texto
3165,422,Aula 3,3,6,video
3166,422,Aula 4,4,20,texto
3167,422,Aula 5,5,16,texto
3168,422,Aula 6,6,14,texto
3169,422,Aula 7,7,24,texto
3170,422,Aula 8,8,21,texto
3171,422,Aula 9,9,18,video
3172,423,Aula 1,1,20,video
3173,423,Aula 2,2,22,quiz
3174,423,Aula 3,3,25,texto
3175,423,Aula 4,4,6,video
3176,423,Aula 5,5,9,video
3177,423,Aula 6,6,12,video
3178,423,Aula 7,7,6,texto
3179,423,Aula 8,8,13,video
3180,424,Aula 1,1,18,video
3181,424,Aula 2,2,20,video
3182,424,Aula 3,3,19,texto
3183,424,Aula 4,4,22,texto
3184,424,Aula 5,5,19,texto
3185,424,Aula 6,6,8,quiz
3186,424,Aula 7,7,9,video
3187,424,Aula 8,8,16,video
3188,424,Aula 9,9,11,texto
3189,425,Aula 1,1,10,quiz
3190,425,Aula 2,2,21,texto
3191,425,Aula 3,3,23,quiz
3192,425,Aula 4,4,23,video
3193,425,Aula 5,5,23,video
3194,425,Aula 6,6,21,quiz
3195,425,Aula 7,7,10,texto
3196,426,Aula 1,1,12,texto
3197,426,Aula 2,2,8,texto
3198,426,Aula 3,3,5,texto
3199,426,Aula 4,4,8,texto
3200,426,Aula 5,5,16,quiz
3201,426,Aula 6,6,8,texto
3202,427,Aula 1,1,5,video
3203,427,Aula 2,2,19,quiz
3204,427,Aula 3,3,20,texto
3205,427,Aula 4,4,25,texto
3206,427,Aula 5,5,24,quiz
3207,427,Aula 6,6,5,texto
3208,427,Aula 7,7,6,quiz
3209,428,Aula 1,1,15,quiz
3210,428,Aula 2,2,23,video
3211,428,Aula 3,3,11,video
3212,428,Aula 4,4,25,texto
3213,428,Aula 5,5,15,video
3214,428,Aula 6,6,7,quiz
3215,428,Aula 7,7,24,texto
3216,428,Aula 8,8,7,texto
3217,428,Aula 9,9,13,video
3218,429,Aula 1,1,17,video
3219,429,Aula 2,2,5,video
3220,429,Aula 3,3,10,texto
3221,429,Aula 4,4,17,texto
3222,429,Aula 5,5,25,quiz
3223,429,Aula 6,6,9,video
3224,429,Aula 7,7,14,texto
3225,430,Aula 1,1,14,quiz
3226,430,Aula 2,2,24,video
3227,430,Aula 3,3,16,quiz
3228,430,Aula 4,4,8,texto
3229,430,Aula 5,5,21,video
3230,430,Aula 6,6,20,texto
3231,430,Aula 7,7,17,texto
3232,430,Aula 8,8,13,quiz
3233,430,Aula 9,9,24,texto
3234,431,Aula 1,1,18,texto
3235,431,Aula 2,2,24,video
3236,431,Aula 3,3,18,quiz
3237,431,Aula 4,4,18,video
3238,431,Aula 5,5,6,quiz
3239,431,Aula 6,6,15,texto
3240,432,Aula 1,1,25,quiz
3241,432,Aula 2,2,9,texto
3242,432,Aula 3,3,21,quiz
3243,432,Aula 4,4,25,quiz
3244,432,Aula 5,5,7,texto
3245,432,Aula 6,6,19,texto
3246,432,Aula 7,7,7,texto
3247,433,Aula 1,1,9,video
3248,433,Aula 2,2,14,video
3249,433,Aula 3,3,21,texto
3250,433,Aula 4,4,14,quiz
3251,433,Aula 5,5,6,quiz
3252,433,Aula 6,6,7,video
3253,433,Aula 7,7,21,video
3254,433,Aula 8,8,21,texto
3255,434,Aula 1,1,8,texto
3256,434,Aula 2,2,23,texto
3257,434,Aula 3,3,16,texto
3258,434,Aula 4,4,23,video
3259,434,Aula 5,5,21,video
3260,434,Aula 6,6,8,quiz
3261,434,Aula 7,7,19,video
3262,434,Aula 8,8,10,texto
3263,434,Aula 9,9,6,video
3264,435,Aula 1,1,14,texto
3265,435,Aula 2,2,23,quiz
3266,435,Aula 3,3,19,quiz
3267,435,Aula 4,4,19,quiz
3268,435,Aula 5,5,13,texto
3269,435,Aula 6,6,10,video
3270,435,Aula 7,7,10,video
3271,435,Aula 8,8,24,texto
3272,435,Aula 9,9,8,texto
3273,436,Aula 1,1,5,texto
3274,436,Aula 2,2,8,video
3275,436,Aula 3,3,10,quiz
3276,436,Aula 4,4,20,texto
3277,436,Aula 5,5,17,quiz
3278,436,Aula 6,6,24,quiz
3279,437,Aula 1,1,14,quiz
3280,437,Aula 2,2,24,texto
3281,437,Aula 3,3,17,texto
3282,437,Aula 4,4,7,video
3283,437,Aula 5,5,9,video
3284,437,Aula 6,6,11,video
3285,437,Aula 7,7,5,quiz
3286,437,Aula 8,8,11,video
3287,437,Aula 9,9,11,texto
3288,438,Aula 1,1,25,video
3289,438,Aula 2,2,18,quiz
3290,438,Aula 3,3,22,video
3291,438,Aula 4,4,7,texto
3292,438,Aula 5,5,19,video
3293,438,Aula 6,6,20,texto
3294,438,Aula 7,7,5,video
3295,439,Aula 1,1,9,quiz
3296,439,Aula 2,2,19,texto
3297,439,Aula 3,3,20,video
3298,439,Aula 4,4,19,quiz
3299,439,Aula 5,5,12,video
3300,439,Aula 6,6,14,quiz
3301,439,Aula 7,7,17,video
3302,440,Aula 1,1,5,video
3303,440,Aula 2,2,25,quiz
3304,440,Aula 3,3,18,texto
3305,440,Aula 4,4,20,quiz
3306,440,Aula 5,5,23,quiz
3307,440,Aula 6,6,22,texto
3308,440,Aula 7,7,6,texto
3309,440,Aula 8,8,17,texto
3310,441,Aula 1,1,12,quiz
3311,441,Aula 2,2,6,quiz
3312,441,Aula 3,3,5,texto
3313,441,Aula 4,4,23,texto
3314,441,Aula 5,5,22,video
3315,441,Aula 6,6,13,quiz
3316,441,Aula 7,7,18,texto
3317,441,Aula 8,8,8,texto
3318,441,Aula 9,9,24,quiz
3319,442,Aula 1,1,19,quiz
3320,442,Aula 2,2,18,video
3321,442,Aula 3,3,10,texto
3322,442,Aula 4,4,11,texto
3323,442,Aula 5,5,16,texto
3324,442,Aula 6,6,12,quiz
3325,442,Aula 7,7,12,quiz
3326,442,Aula 8,8,15,quiz
3327,443,Aula 1,1,9,texto
3328,443,Aula 2,2,17,texto
3329,443,Aula 3,3,25,quiz
3330,443,Aula 4,4,16,texto
3331,443,Aula 5,5,10,quiz
3332,443,Aula 6,6,11,texto
3333,443,Aula 7,7,7,quiz
3334,443,Aula 8,8,20,video
3335,443,Aula 9,9,10,video
3336,444,Aula 1,1,24,texto
3337,444,Aula 2,2,8,texto
3338,444,Aula 3,3,20,texto
3339,444,Aula 4,4,12,video
3340,444,Aula 5,5,22,video
3341,444,Aula 6,6,5,texto
3342,444,Aula 7,7,13,texto
3343,445,Aula 1,1,10,quiz
3344,445,Aula 2,2,6,video
3345,445,Aula 3,3,15,texto
3346,445,Aula 4,4,8,quiz
3347,445,Aula 5,5,12,video
3348,445,Aula 6,6,22,video
3349,445,Aula 7,7,20,texto
3350,446,Aula 1,1,16,video
3351,446,Aula 2,2,22,texto
3352,446,Aula 3,3,9,quiz
3353,446,Aula 4,4,21,quiz
3354,446,Aula 5,5,8,quiz
3355,446,Aula 6,6,6,texto
3356,446,Aula 7,7,19,video
3357,446,Aula 8,8,8,quiz
3358,447,Aula 1,1,22,video
3359,447,Aula 2,2,21,video
3360,447,Aula 3,3,10,quiz
3361,447,Aula 4,4,8,video
3362,447,Aula 5,5,16,video
3363,447,Aula 6,6,14,quiz
3364,448,Aula 1,1,21,texto
3365,448,Aula 2,2,8,video
3366,448,Aula 3,3,25,texto
3367,448,Aula 4,4,15,video
3368,448,Aula 5,5,8,video
3369,448,Aula 6,6,19,texto
3370,448,Aula 7,7,5,video
3371,448,Aula 8,8,20,texto
3372,448,Aula 9,9,14,quiz
3373,449,Aula 1,1,7,texto
3374,449,Aula 2,2,16,quiz
3375,449,Aula 3,3,18,texto
3376,449,Aula 4,4,25,quiz
3377,449,Aula 5,5,12,video
3378,449,Aula 6,6,21,texto
3379,449,Aula 7,7,12,video
3380,450,Aula 1,1,18,texto
3381,450,Aula 2,2,19,quiz
3382,450,Aula 3,3,16,video
3383,450,Aula 4,4,19,video
3384,450,Aula 5,5,5,quiz
3385,450,Aula 6,6,21,video
3386,450,Aula 7,7,7,texto
3387,450,Aula 8,8,15,texto
3388,450,Aula 9,9,10,texto
3389,451,Aula 1,1,17,video
3390,451,Aula 2,2,25,video
3391,451,Aula 3,3,23,video
3392,451,Aula 4,4,25,quiz
3393,451,Aula 5,5,21,texto
3394,451,Aula 6,6,18,texto
3395,452,Aula 1,1,15,texto
3396,452,Aula 2,2,5,texto
3397,452,Aula 3,3,21,quiz
3398,452,Aula 4,4,9,quiz
3399,452,Aula 5,5,17,texto
3400,452,Aula 6,6,25,video
3401,452,Aula 7,7,22,quiz
3402,452,Aula 8,8,24,quiz
3403,453,Aula 1,1,16,quiz
3404,453,Aula 2,2,17,video
3405,453,Aula 3,3,14,video
3406,453,Aula 4,4,6,quiz
3407,453,Aula 5,5,15,texto
3408,453,Aula 6,6,9,quiz
3409,453,Aula 7,7,22,texto
3410,453,Aula 8,8,11,video
3411,453,Aula 9,9,21,quiz
3412,454,Aula 1,1,21,texto
3413,454,Aula 2,2,25,video
3414,454,Aula 3,3,5,video
3415,454,Aula 4,4,22,quiz
3416,454,Aula 5,5,13,video
3417,454,Aula 6,6,14,quiz
3418,454,Aula 7,7,18,quiz
3419,454,Aula 8,8,8,quiz
3420,455,Aula 1,1,16,texto
3421,455,Aula 2,2,25,quiz
3422,455,Aula 3,3,16,video
3423,455,Aula 4,4,6,quiz
3424,455,Aula 5,5,8,texto
3425,455,Aula 6,6,14,quiz
3426,456,Aula 1,1,19,texto
3427,456,Aula 2,2,12,quiz
3428,456,Aula 3,3,23,quiz
3429,456,Aula 4,4,25,quiz
3430,456,Aula 5,5,22,quiz
3431,456,Aula 6,6,12,texto
3432,457,Aula 1,1,14,quiz
3433,457,Aula 2,2,23,quiz
3434,457,Aula 3,3,9,quiz
3435,457,Aula 4,4,17,quiz
3436,457,Aula 5,5,12,video
3437,457,Aula 6,6,15,quiz
3438,457,Aula 7,7,23,video
3439,457,Aula 8,8,16,texto
3440,458,Aula 1,1,9,quiz
3441,458,Aula 2,2,18,texto
3442,458,Aula 3,3,7,video
3443,458,Aula 4,4,6,texto
3444,458,Aula 5,5,9,texto
3445,458,Aula 6,6,11,texto
3446,459,Aula 1,1,16,quiz
3447,459,Aula 2,2,21,texto
3448,459,Aula 3,3,23,quiz
3449,459,Aula 4,4,21,texto
3450,459,Aula 5,5,13,quiz
3451,459,Aula 6,6,20,quiz
3452,460,Aula 1,1,19,quiz
3453,460,Aula 2,2,20,quiz
3454,460,Aula 3,3,18,video
3455,460,Aula 4,4,9,quiz
3456,460,Aula 5,5,9,texto
3457,460,Aula 6,6,19,video
3458,460,Aula 7,7,21,quiz
3459,460,Aula 8,8,8,quiz
3460,460,Aula 9,9,11,texto
3461,461,Aula 1,1,6,quiz
3462,461,Aula 2,2,10,quiz
3463,461,Aula 3,3,16,video
3464,461,Aula 4,4,24,texto
3465,461,Aula 5,5,8,video
3466,461,Aula 6,6,16,quiz
3467,461,Aula 7,7,14,video
3468,461,Aula 8,8,21,video
3469,461,Aula 9,9,8,texto
3470,462,Aula 1,1,16,texto
3471,462,Aula 2,2,14,texto
3472,462,Aula 3,3,5,video
3473,462,Aula 4,4,9,quiz
3474,462,Aula 5,5,18,video
3475,462,Aula 6,6,14,texto
3476,462,Aula 7,7,11,video
3477,462,Aula 8,8,20,video
3478,463,Aula 1,1,22,texto
3479,463,Aula 2,2,7,video
3480,463,Aula 3,3,18,texto
3481,463,Aula 4,4,23,texto
3482,463,Aula 5,5,23,texto
3483,463,Aula 6,6,15,texto
3484,464,Aula 1,1,24,video
3485,464,Aula 2,2,9,quiz
3486,464,Aula 3,3,25,texto
3487,464,Aula 4,4,19,quiz
3488,464,Aula 5,5,19,video
3489,464,Aula 6,6,15,video
3490,464,Aula 7,7,24,quiz
3491,464,Aula 8,8,24,texto
3492,464,Aula 9,9,17,video
3493,465,Aula 1,1,15,quiz
3494,465,Aula 2,2,6,quiz
3495,465,Aula 3,3,19,quiz
3496,465,Aula 4,4,13,quiz
3497,465,Aula 5,5,7,video
3498,465,Aula 6,6,5,quiz
3499,465,Aula 7,7,25,quiz
3500,465,Aula 8,8,14,quiz
3501,465,Aula 9,9,25,video
3502,466,Aula 1,1,11,quiz
3503,466,Aula 2,2,22,quiz
3504,466,Aula 3,3,6,quiz
3505,466,Aula 4,4,21,video
3506,466,Aula 5,5,20,quiz
3507,466,Aula 6,6,5,video
3508,467,Aula 1,1,5,texto
3509,467,Aula 2,2,11,video
3510,467,Aula 3,3,23,texto
3511,467,Aula 4,4,7,quiz
3512,467,Aula 5,5,24,texto
3513,467,Aula 6,6,17,quiz
3514,467,Aula 7,7,6,texto
3515,468,Aula 1,1,15,texto
3516,468,Aula 2,2,10,texto
3517,468,Aula 3,3,5,quiz
3518,468,Aula 4,4,15,texto
3519,468,Aula 5,5,13,video
3520,468,Aula 6,6,8,video
3521,469,Aula 1,1,14,video
3522,469,Aula 2,2,10,texto
3523,469,Aula 3,3,7,video
3524,469,Aula 4,4,14,texto
3525,469,Aula 5,5,10,video
3526,469,Aula 6,6,24,texto
3527,469,Aula 7,7,10,video
3528,470,Aula 1,1,14,texto
3529,470,Aula 2,2,8,texto
3530,470,Aula 3,3,9,texto
3531,470,Aula 4,4,15,texto
3532,470,Aula 5,5,17,video
3533,470,Aula 6,6,6,video
3534,471,Aula 1,1,24,quiz
3535,471,Aula 2,2,12,texto
3536,471,Aula 3,3,21,quiz
3537,471,Aula 4,4,17,video
3538,471,Aula 5,5,13,video
3539,471,Aula 6,6,15,texto
3540,471,Aula 7,7,22,texto
3541,472,Aula 1,1,20,video
3542,472,Aula 2,2,18,quiz
3543,472,Aula 3,3,12,video
3544,472,Aula 4,4,13,quiz
3545,472,Aula 5,5,23,quiz
3546,472,Aula 6,6,8,video
3547,473,Aula 1,1,14,quiz
3548,473,Aula 2,2,18,texto
3549,473,Aula 3,3,7,quiz
3550,473,Aula 4,4,21,video
3551,473,Aula 5,5,9,texto
3552,473,Aula 6,6,22,video
3553,473,Aula 7,7,12,quiz
3554,474,Aula 1,1,22,texto
3555,474,Aula 2,2,6,video
3556,474,Aula 3,3,19,quiz
3557,474,Aula 4,4,14,quiz
3558,474,Aula 5,5,10,video
3559,474,Aula 6,6,6,texto
3560,474,Aula 7,7,13,quiz
3561,474,Aula 8,8,13,quiz
3562,474,Aula 9,9,17,texto
3563,475,Aula 1,1,23,quiz
3564,475,Aula 2,2,14,video
3565,475,Aula 3,3,10,quiz
3566,475,Aula 4,4,22,quiz
3567,475,Aula 5,5,7,texto
3568,475,Aula 6,6,7,texto
3569,475,Aula 7,7,8,video
3570,476,Aula 1,1,18,video
3571,476,Aula 2,2,24,quiz
3572,476,Aula 3,3,15,quiz
3573,476,Aula 4,4,15,quiz
3574,476,Aula 5,5,13,quiz
3575,476,Aula 6,6,19,texto
3576,476,Aula 7,7,12,quiz
3577,476,Aula 8,8,15,texto
3578,477,Aula 1,1,19,quiz
3579,477,Aula 2,2,15,video
3580,477,Aula 3,3,9,quiz
3581,477,Aula 4,4,5,quiz
3582,477,Aula 5,5,20,video
3583,477,Aula 6,6,5,quiz
3584,477,Aula 7,7,10,texto
3585,478,Aula 1,1,17,quiz
3586,478,Aula 2,2,7,quiz
3587,478,Aula 3,3,25,video
3588,478,Aula 4,4,22,video
3589,478,Aula 5,5,19,quiz
3590,478,Aula 6,6,8,texto
3591,478,Aula 7,7,17,quiz
3592,478,Aula 8,8,16,texto
3593,478,Aula 9,9,10,quiz
3594,479,Aula 1,1,8,texto
3595,479,Aula 2,2,16,video
3596,479,Aula 3,3,19,video
3597,479,Aula 4,4,12,quiz
3598,479,Aula 5,5,5,texto
3599,479,Aula 6,6,16,video
3600,480,Aula 1,1,24,quiz
3601,480,Aula 2,2,14,quiz
3602,480,Aula 3,3,12,video
3603,480,Aula 4,4,20,texto
3604,480,Aula 5,5,6,texto
3605,480,Aula 6,6,20,quiz
3606,481,Aula 1,1,5,video
3607,481,Aula 2,2,25,texto
3608,481,Aula 3,3,8,texto
3609,481,Aula 4,4,23,quiz
3610,481,Aula 5,5,20,video
3611,481,Aula 6,6,22,video
3612,481,Aula 7,7,23,quiz
3613,482,Aula 1,1,7,quiz
3614,482,Aula 2,2,9,quiz
3615,482,Aula 3,3,7,video
3616,482,Aula 4,4,13,quiz
3617,482,Aula 5,5,12,quiz
3618,482,Aula 6,6,13,video
3619,482,Aula 7,7,5,quiz
3620,483,Aula 1,1,22,texto
3621,483,Aula 2,2,5,texto
3622,483,Aula 3,3,25,quiz
3623,483,Aula 4,4,25,video
3624,483,Aula 5,5,15,texto
3625,483,Aula 6,6,18,texto
3626,483,Aula 7,7,8,quiz
3627,483,Aula 8,8,21,texto
3628,484,Aula 1,1,16,quiz
3629,484,Aula 2,2,6,quiz
3630,484,Aula 3,3,12,video
3631,484,Aula 4,4,13,texto
3632,484,Aula 5,5,22,texto
3633,484,Aula 6,6,15,video
3634,484,Aula 7,7,17,video
3635,484,Aula 8,8,15,video
3636,484,Aula 9,9,23,video
3637,485,Aula 1,1,18,video
3638,485,Aula 2,2,12,video
3639,485,Aula 3,3,10,texto
3640,485,Aula 4,4,14,video
3641,485,Aula 5,5,25,quiz
3642,485,Aula 6,6,8,video
3643,485,Aula 7,7,20,texto
3644,486,Aula 1,1,23,quiz
3645,486,Aula 2,2,15,texto
3646,486,Aula 3,3,12,video
3647,486,Aula 4,4,20,video
3648,486,Aula 5,5,15,video
3649,486,Aula 6,6,15,quiz
3650,487,Aula 1,1,7,quiz
3651,487,Aula 2,2,24,texto
3652,487,Aula 3,3,8,quiz
3653,487,Aula 4,4,19,quiz
3654,487,Aula 5,5,8,video
3655,487,Aula 6,6,6,video
3656,487,Aula 7,7,17,texto
3657,488,Aula 1,1,9,video
3658,488,Aula 2,2,19,video
3659,488,Aula 3,3,14,quiz
3660,488,Aula 4,4,25,texto
3661,488,Aula 5,5,7,video
3662,488,Aula 6,6,6,quiz
3663,489,Aula 1,1,14,texto
3664,489,Aula 2,2,17,video
3665,489,Aula 3,3,24,texto
3666,489,Aula 4,4,12,quiz
3667,489,Aula 5,5,24,video
3668,489,Aula 6,6,19,texto
3669,490,Aula 1,1,18,quiz
3670,490,Aula 2,2,24,video
3671,490,Aula 3,3,15,quiz
3672,490,Aula 4,4,5,texto
3673,490,Aula 5,5,21,texto
3674,490,Aula 6,6,23,video
3675,490,Aula 7,7,8,video
3676,490,Aula 8,8,5,quiz
3677,490,Aula 9,9,7,quiz
3678,491,Aula 1,1,23,video
3679,491,Aula 2,2,25,quiz
3680,491,Aula 3,3,13,texto
3681,491,Aula 4,4,18,texto
3682,491,Aula 5,5,24,texto
3683,491,Aula 6,6,10,video
3684,491,Aula 7,7,9,video
3685,492,Aula 1,1,9,texto
3686,492,Aula 2,2,23,texto
3687,492,Aula 3,3,21,quiz
3688,492,Aula 4,4,16,texto
3689,492,Aula 5,5,23,quiz
3690,492,Aula 6,6,9,video
3691,493,Aula 1,1,14,quiz
3692,493,Aula 2,2,15,texto
3693,493,Aula 3,3,16,video
3694,493,Aula 4,4,21,quiz
3695,493,Aula 5,5,9,video
3696,493,Aula 6,6,12,quiz
3697,493,Aula 7,7,22,video
3698,493,Aula 8,8,18,texto
3699,493,Aula 9,9,11,video
3700,494,Aula 1,1,7,texto
3701,494,Aula 2,2,11,quiz
3702,494,Aula 3,3,20,quiz
3703,494,Aula 4,4,19,quiz
3704,494,Aula 5,5,15,quiz
3705,494,Aula 6,6,23,texto
3706,494,Aula 7,7,24,texto
3707,495,Aula 1,1,15,video
3708,495,Aula 2,2,8,texto
3709,495,Aula 3,3,6,texto
3710,495,Aula 4,4,12,video
3711,495,Aula 5,5,25,video
3712,495,Aula 6,6,12,texto
3713,495,Aula 7,7,24,video
3714,495,Aula 8,8,12,texto
3715,495,Aula 9,9,15,quiz
3716,496,Aula 1,1,11,texto
3717,496,Aula 2,2,10,video
3718,496,Aula 3,3,16,video
3719,496,Aula 4,4,7,texto
3720,496,Aula 5,5,5,quiz
3721,496,Aula 6,6,8,video
3722,496,Aula 7,7,14,texto
3723,496,Aula 8,8,11,quiz
3724,496,Aula 9,9,23,texto
3725,497,Aula 1,1,5,video
3726,497,Aula 2,2,11,texto
3727,497,Aula 3,3,10,video
3728,497,Aula 4,4,13,quiz
3729,497,Aula 5,5,10,texto
3730,497,Aula 6,6,22,video
3731,498,Aula 1,1,11,video
3732,498,Aula 2,2,10,texto
3733,498,Aula 3,3,8,video
3734,498,Aula 4,4,9,texto
3735,498,Aula 5,5,25,video
3736,498,Aula 6,6,15,video
3737,498,Aula 7,7,14,texto
3738,499,Aula 1,1,16,texto
3739,499,Aula 2,2,10,quiz
3740,499,Aula 3,3,24,texto
3741,499,Aula 4,4,7,video
3742,499,Aula 5,5,9,video
3743,499,Aula 6,6,11,video
3744,499,Aula 7,7,22,texto
3745,500,Aula 1,1,15,quiz
3746,500,Aula 2,2,18,quiz
3747,500,Aula 3,3,12,video
3748,500,Aula 4,4,24,quiz
3749,500,Aula 5,5,11,quiz
3750,500,Aula 6,6,14,video
3751,500,Aula 7,7,15,video
3752,500,Aula 8,8,6,quiz
3753,501,Aula 1,1,9,quiz
3754,501,Aula 2,2,23,texto
3755,501,Aula 3,3,11,quiz
3756,501,Aula 4,4,7,texto
3757,501,Aula 5,5,24,video
3758,501,Aula 6,6,10,quiz
3759,501,Aula 7,7,17,quiz
3760,501,Aula 8,8,21,texto
3761,502,Aula 1,1,21,texto
3762,502,Aula 2,2,10,texto
3763,502,Aula 3,3,16,quiz
3764,502,Aula 4,4,20,quiz
3765,502,Aula 5,5,20,texto
3766,502,Aula 6,6,13,quiz
3767,502,Aula 7,7,17,quiz
3768,502,Aula 8,8,23,quiz
3769,502,Aula 9,9,6,video
3770,503,Aula 1,1,11,texto
3771,503,Aula 2,2,12,texto
3772,503,Aula 3,3,11,texto
3773,503,Aula 4,4,18,texto
3774,503,Aula 5,5,23,video
3775,503,Aula 6,6,16,texto
3776,503,Aula 7,7,22,video
3777,504,Aula 1,1,7,texto
3778,504,Aula 2,2,19,quiz
3779,504,Aula 3,3,16,video
3780,504,Aula 4,4,23,video
3781,504,Aula 5,5,19,quiz
3782,504,Aula 6,6,24,texto
3783,504,Aula 7,7,18,texto
3784,505,Aula 1,1,18,texto
3785,505,Aula 2,2,16,texto
3786,505,Aula 3,3,15,texto
3787,505,Aula 4,4,17,video
3788,505,Aula 5,5,10,texto
3789,505,Aula 6,6,12,texto
3790,505,Aula 7,7,25,video
3791,505,Aula 8,8,16,video
3792,505,Aula 9,9,14,quiz
3793,506,Aula 1,1,13,video
3794,506,Aula 2,2,8,video
3795,506,Aula 3,3,7,texto
3796,506,Aula 4,4,6,quiz
3797,506,Aula 5,5,11,texto
3798,506,Aula 6,6,11,quiz
3799,507,Aula 1,1,13,texto
3800,507,Aula 2,2,13,video
3801,507,Aula 3,3,24,video
3802,507,Aula 4,4,22,texto
3803,507,Aula 5,5,5,texto
3804,507,Aula 6,6,14,texto
3805,507,Aula 7,7,17,texto
3806,507,Aula 8,8,23,quiz
3807,508,Aula 1,1,20,quiz
3808,508,Aula 2,2,21,video
3809,508,Aula 3,3,17,video
3810,508,Aula 4,4,12,quiz
3811,508,Aula 5,5,11,texto
3812,508,Aula 6,6,12,quiz
3813,509,Aula 1,1,19,texto
3814,509,Aula 2,2,7,texto
3815,509,Aula 3,3,11,texto
3816,509,Aula 4,4,18,video
3817,509,Aula 5,5,19,texto
3818,509,Aula 6,6,22,video
3819,509,Aula 7,7,16,video
3820,509,Aula 8,8,23,video
3821,509,Aula 9,9,14,quiz
3822,510,Aula 1,1,20,quiz
3823,510,Aula 2,2,16,texto
3824,510,Aula 3,3,12,texto
3825,510,Aula 4,4,18,quiz
3826,510,Aula 5,5,17,quiz
3827,510,Aula 6,6,22,texto
3828,511,Aula 1,1,23,video
3829,511,Aula 2,2,23,video
3830,511,Aula 3,3,9,video
3831,511,Aula 4,4,15,quiz
3832,511,Aula 5,5,25,quiz
3833,511,Aula 6,6,24,quiz
3834,511,Aula 7,7,17,texto
3835,511,Aula 8,8,11,texto
3836,512,Aula 1,1,22,texto
3837,512,Aula 2,2,11,texto
3838,512,Aula 3,3,8,texto
3839,512,Aula 4,4,23,texto
3840,512,Aula 5,5,25,texto
3841,512,Aula 6,6,7,video
3842,513,Aula 1,1,22,video
3843,513,Aula 2,2,6,quiz
3844,513,Aula 3,3,24,texto
3845,513,Aula 4,4,5,video
3846,513,Aula 5,5,11,video
3847,513,Aula 6,6,17,texto
3848,514,Aula 1,1,12,texto
3849,514,Aula 2,2,21,video
3850,514,Aula 3,3,19,video
3851,514,Aula 4,4,16,quiz
3852,514,Aula 5,5,5,video
3853,514,Aula 6,6,15,texto
3854,514,Aula 7,7,17,video
3855,515,Aula 1,1,9,quiz
3856,515,Aula 2,2,18,texto
3857,515,Aula 3,3,7,texto
3858,515,Aula 4,4,11,video
3859,515,Aula 5,5,11,texto
3860,515,Aula 6,6,18,quiz
3861,516,Aula 1,1,10,quiz
3862,516,Aula 2,2,23,texto
3863,516,Aula 3,3,23,video
3864,516,Aula 4,4,21,quiz
3865,516,Aula 5,5,19,texto
3866,516,Aula 6,6,11,video
3867,516,Aula 7,7,9,texto
3868,516,Aula 8,8,7,texto
3869,516,Aula 9,9,24,video
3870,517,Aula 1,1,23,texto
3871,517,Aula 2,2,19,texto
3872,517,Aula 3,3,23,video
3873,517,Aula 4,4,7,texto
3874,517,Aula 5,5,25,texto
3875,517,Aula 6,6,16,quiz
3876,517,Aula 7,7,14,texto
3877,517,Aula 8,8,24,video
3878,518,Aula 1,1,12,video
3879,518,Aula 2,2,24,quiz
3880,518,Aula 3,3,18,texto
3881,518,Aula 4,4,17,quiz
3882,518,Aula 5,5,10,quiz
3883,518,Aula 6,6,23,video
3884,518,Aula 7,7,17,quiz
3885,518,Aula 8,8,6,video
3886,518,Aula 9,9,10,texto
3887,519,Aula 1,1,7,quiz
3888,519,Aula 2,2,11,texto
3889,519,Aula 3,3,18,quiz
3890,519,Aula 4,4,8,texto
3891,519,Aula 5,5,7,video
3892,519,Aula 6,6,21,texto
3893,519,Aula 7,7,18,texto
3894,519,Aula 8,8,10,texto
