matricula_id,aulas_id,concluida,data_conclusao
1,1283,true,2025-10-06 06:26:12
1,2093,true,2025-10-26 23:15:49
1,2932,true,2025-10-23 06:26:12
1,3199,true,2025-09-17 06:26:12
1,3040,true,2025-09-16 06:26:12
1,2082,true,2025-10-26 23:15:49
2,2063,true,2024-12-10 08:43:27
2,2353,false,default
2,2582,true,2024-12-22 08:43:27
2,2246,false,default
2,3007,true,2024-12-13 08:43:27
2,1713,true,2024-12-13 08:43:27
3,1103,false,default
3,799,false,default
3,3425,true,2025-02-20 19:05:18
3,2357,true,2025-03-29 19:05:18
3,1201,false,default
3,3732,true,2025-02-28 19:05:18
3,1000,false,default
3,1347,true,2025-03-13 19:05:18
3,996,false,default
3,3273,true,2025-03-31 19:05:18
4,327,false,default
4,1442,true,2024-07-24 06:27:59
4,2296,false,default
4,2072,true,2024-08-09 06:27:59
4,314,false,default
4,3747,false,default
4,1484,true,2024-08-09 06:27:59
4,2677,true,2024-06-26 06:27:59
4,1984,true,2024-08-16 06:27:59
5,3181,false,default
5,3725,true,2023-11-02 07:19:36
5,1670,false,default
5,2762,false,default
5,2396,false,default
5,2728,true,2023-11-23 07:19:36
5,566,false,default
5,2481,false,default
5,1067,false,default
5,3260,false,default
5,1176,true,2023-11-23 07:19:36
6,2360,false,default
6,2025,true,2025-06-01 22:36:22
6,2592,true,2025-05-22 22:36:22
6,3611,false,default
6,3165,false,default
6,812,false,default
6,3686,false,default
6,737,false,default
6,3590,false,default
6,1860,false,default
6,64,false,default
7,3810,true,2025-06-29 03:47:51
7,1925,true,2025-07-13 03:47:51
7,3043,true,2025-08-18 03:47:51
7,414,true,2025-08-13 03:47:51
7,518,true,2025-08-18 03:47:51
7,3562,true,2025-07-13 03:47:51
7,140,true,2025-07-29 03:47:51
7,3416,true,2025-07-30 03:47:51
7,1768,true,2025-07-31 03:47:51
7,99,true,2025-06-28 03:47:51
7,2827,true,2025-08-07 03:47:51
8,3026,false,default
8,3772,false,default
8,1454,false,default
9,2584,true,2025-04-26 22:00:35
9,1843,true,2025-04-12 22:00:35
9,3034,true,2025-05-02 22:00:35
9,3420,false,default
9,1785,true,2025-04-30 22:00:35
9,1185,false,default
9,3104,false,default
9,1955,true,2025-04-18 22:00:35
9,2868,true,2025-04-13 22:00:35
9,552,false,default
10,724,true,2023-12-02 21:31:30
10,2084,true,2023-12-04 21:31:30
10,2960,true,2023-12-08 21:31:30
10,2409,true,2023-12-04 21:31:30
10,1145,true,2024-01-01 21:31:30
10,3870,false,default
10,3167,true,2023-11-25 21:31:30
10,397,true,2023-11-23 21:31:30
11,1764,false,default
11,2127,false,default
11,1140,true,2024-11-18 12:02:17
12,408,false,default
12,1423,true,2024-11-17 15:55:07
12,1167,false,default
12,679,true,2024-10-23 15:55:07
12,486,true,2024-10-15 15:55:07
12,1180,false,default
12,1122,false,default
12,1994,false,default
12,1798,false,default
12,917,true,2024-10-12 15:55:07
12,3627,false,default
12,694,true,2024-10-19 15:55:07
13,3092,true,2025-05-22 19:56:11
13,692,true,2025-05-04 19:56:11
13,113,true,2025-05-09 19:56:11
13,2452,true,2025-04-14 19:56:11
13,3697,true,2025-05-29 19:56:11
13,163,true,2025-05-05 19:56:11
13,3649,false,default
13,2212,true,2025-04-24 19:56:11
13,2204,false,default
13,3273,false,default
13,800,true,2025-06-03 19:56:11
14,1821,false,default
14,3641,false,default
14,1771,false,default
14,2021,false,default
15,3542,false,default
15,561,false,default
15,1141,false,default
15,2997,false,default
15,2740,false,default
15,478,false,default
15,1449,true,2025-07-26 17:09:05
16,305,true,2025-09-04 11:21:10
16,1340,true,2025-09-06 11:21:10
16,642,true,2025-07-11 11:21:10
16,2077,true,2025-08-05 11:21:10
16,1374,true,2025-07-15 11:21:10
16,1131,false,default
17,780,true,2025-04-12 03:32:27
17,3447,false,default
17,2287,true,2025-05-11 03:32:27
17,2708,true,2025-04-10 03:32:27
17,3431,false,default
17,3595,false,default
17,2565,true,2025-04-14 03:32:27
17,146,true,2025-04-28 03:32:27
17,3888,false,default
17,2599,false,default
17,2570,false,default
18,3334,false,default
18,767,true,2025-04-29 15:28:49
18,3005,true,2025-03-09 15:28:49
18,2035,false,default
18,1158,true,2025-04-06 15:28:49
19,1779,false,default
19,276,false,default
19,2010,false,default
19,2285,false,default
19,2504,false,default
19,855,false,default
20,1713,false,default
20,2818,false,default
20,1078,false,default
20,2513,false,default
20,1558,false,default
21,2613,false,default
21,1429,false,default
21,1984,false,default
21,2173,false,default
21,2691,false,default
21,738,false,default
21,3596,false,default
21,1230,true,2024-12-04 21:39:50
21,3444,false,default
21,950,false,default
21,3585,true,2024-11-24 21:39:50
21,1197,true,2024-11-09 21:39:50
22,2226,false,default
22,1971,true,2025-01-03 01:27:35
22,1211,false,default
22,396,true,2025-01-21 01:27:35
22,897,false,default
22,461,true,2025-01-12 01:27:35
22,3609,true,2025-02-03 01:27:35
22,3674,true,2024-12-30 01:27:35
22,3093,false,default
22,3130,false,default
22,1177,false,default
22,1719,false,default
23,2887,true,2024-04-10 17:01:16
23,525,true,2024-04-25 17:01:16
23,3170,false,default
23,3614,true,2024-04-06 17:01:16
23,1982,true,2024-05-19 17:01:16
23,3442,false,default
23,3297,true,2024-05-17 17:01:16
23,3539,true,2024-05-13 17:01:16
24,2304,false,default
24,3162,false,default
24,1324,false,default
24,1072,false,default
24,2765,false,default
24,1301,false,default
24,1685,false,default
24,1604,false,default
24,3314,false,default
25,1633,true,2025-06-26 00:07:52
25,1068,true,2025-05-11 00:07:52
25,3738,false,default
25,224,true,2025-06-04 00:07:52
25,1100,true,2025-05-14 00:07:52
25,1989,false,default
25,2983,false,default
25,897,true,2025-06-19 00:07:52
25,1392,true,2025-06-10 00:07:52
25,2607,false,default
26,2502,true,2025-08-24 11:03:47
26,1351,true,2025-10-07 11:03:47
26,530,true,2025-10-03 11:03:47
26,2478,true,2025-09-09 11:03:47
27,260,true,2024-10-22 04:39:28
27,2683,true,2024-10-27 04:39:28
27,202,true,2024-10-14 04:39:28
27,2125,true,2024-11-05 04:39:28
27,863,true,2024-11-16 04:39:28
27,1484,true,2024-10-16 04:39:28
27,2194,true,2024-10-01 04:39:28
27,813,true,2024-10-03 04:39:28
28,2055,false,default
28,1630,false,default
28,3242,false,default
29,643,false,default
29,1160,false,default
29,1235,false,default
29,100,false,default
29,943,false,default
29,2587,false,default
29,3164,false,default
29,2819,false,default
29,1013,false,default
29,139,false,default
30,3331,false,default
30,3212,false,default
30,1548,false,default
30,2685,false,default
30,1642,false,default
30,538,true,2025-08-04 09:37:40
30,3352,false,default
31,314,false,default
31,303,false,default
31,2067,false,default
31,2958,true,2024-10-09 15:49:20
31,2882,false,default
31,3123,false,default
31,3001,false,default
32,392,false,default
32,3015,true,2024-08-11 11:17:47
32,2410,false,default
33,3215,false,default
33,1326,false,default
33,1742,false,default
33,2099,false,default
33,3046,false,default
33,96,false,default
33,1238,true,2024-05-30 08:09:29
33,1123,true,2024-06-08 08:09:29
33,1880,false,default
33,831,true,2024-05-17 08:09:29
33,409,true,2024-05-26 08:09:29
33,1083,false,default
34,1141,true,2025-04-12 11:12:09
34,1980,true,2025-03-08 11:12:09
34,1165,true,2025-04-01 11:12:09
34,3718,true,2025-04-25 11:12:09
34,2879,false,default
34,2185,true,2025-03-21 11:12:09
34,2076,true,2025-04-04 11:12:09
34,1002,true,2025-03-30 11:12:09
34,1567,true,2025-04-06 11:12:09
35,2633,false,default
35,1273,false,default
35,1362,false,default
35,589,false,default
35,3317,false,default
35,2581,false,default
35,343,false,default
35,391,true,2025-10-09 14:13:19
35,2298,false,default
35,694,false,default
35,851,false,default
35,3543,false,default
36,579,false,default
36,1652,false,default
36,2526,false,default
36,3433,false,default
36,1940,false,default
36,2144,false,default
37,953,true,2025-10-02 05:21:49
37,242,true,2025-09-06 05:21:49
37,3144,true,2025-09-11 05:21:49
37,2022,true,2025-09-20 05:21:49
37,1033,true,2025-10-06 05:21:49
37,1687,true,2025-09-21 05:21:49
37,1276,true,2025-09-23 05:21:49
37,3034,true,2025-09-26 05:21:49
37,1384,true,2025-10-15 05:21:49
37,3418,true,2025-10-08 05:21:49
37,617,true,2025-10-07 05:21:49
37,150,true,2025-08-27 05:21:49
38,2865,true,2024-01-27 18:06:39
38,318,false,default
38,1539,true,2024-01-29 18:06:39
38,522,true,2024-02-14 18:06:39
39,3628,false,default
39,1738,false,default
39,2029,false,default
39,700,false,default
40,573,false,default
40,3068,false,default
40,3581,true,2024-07-06 20:25:04
40,2241,false,default
40,1713,true,2024-06-05 20:25:04
40,1636,true,2024-06-04 20:25:04
40,38,true,2024-06-13 20:25:04
40,1216,false,default
40,482,true,2024-06-28 20:25:04
40,1784,true,2024-07-08 20:25:04
40,1206,true,2024-06-08 20:25:04
41,1521,true,2025-05-12 16:04:18
41,2128,true,2025-05-31 16:04:18
41,2477,true,2025-06-25 16:04:18
41,1030,true,2025-05-24 16:04:18
41,1934,true,2025-05-24 16:04:18
41,1896,true,2025-06-25 16:04:18
41,863,false,default
41,3835,true,2025-05-18 16:04:18
41,1353,true,2025-06-15 16:04:18
41,3798,true,2025-06-10 16:04:18
41,3059,true,2025-06-02 16:04:18
41,2950,true,2025-05-18 16:04:18
42,2435,true,2025-03-27 12:13:41
42,641,true,2025-02-15 12:13:41
42,274,true,2025-04-15 12:13:41
43,1165,false,default
43,3362,false,default
43,3734,true,2025-02-14 05:44:41
43,3556,false,default
43,1746,false,default
43,2394,true,2025-03-02 05:44:41
44,2299,false,default
44,2217,true,2024-11-11 17:09:20
44,2628,true,2024-10-12 17:09:20
44,2701,true,2024-10-14 17:09:20
44,830,true,2024-11-26 17:09:20
44,318,false,default
44,2428,false,default
44,625,false,default
44,422,false,default
45,2642,true,2024-02-20 07:28:59
45,3138,true,2024-02-20 07:28:59
45,1569,true,2024-02-21 07:28:59
45,1353,true,2024-03-12 07:28:59
45,2358,false,default
45,3163,true,2024-04-06 07:28:59
45,3496,true,2024-02-11 07:28:59
45,2426,true,2024-03-02 07:28:59
45,2478,false,default
45,1136,true,2024-02-15 07:28:59
45,3307,true,2024-04-08 07:28:59
46,2096,false,default
46,3307,true,2024-11-13 07:42:10
46,1801,false,default
47,1240,false,default
47,2050,false,default
47,3113,false,default
47,481,false,default
47,987,true,2024-05-15 17:42:02
47,2295,true,2024-05-28 17:42:02
47,1611,true,2024-04-30 17:42:02
47,1546,true,2024-06-20 17:42:02
47,3170,false,default
47,1580,true,2024-06-02 17:42:02
48,3873,false,default
48,2596,false,default
48,3415,false,default
48,1138,true,2024-11-07 06:22:58
48,2914,false,default
48,586,false,default
49,2848,true,2024-04-13 01:11:57
49,3232,false,default
49,1027,true,2024-05-09 01:11:57
49,2808,true,2024-05-05 01:11:57
49,493,false,default
49,2286,true,2024-05-26 01:11:57
49,3686,true,2024-05-28 01:11:57
49,1784,true,2024-04-12 01:11:57
49,2671,false,default
49,1427,true,2024-04-24 01:11:57
50,3823,true,2024-07-23 16:08:17
50,3063,false,default
50,44,false,default
50,803,false,default
50,1811,true,2024-07-25 16:08:17
50,1479,false,default
50,2155,false,default
50,799,false,default
51,3752,true,2025-10-26 23:15:49
51,1040,false,default
51,2060,true,2025-10-16 05:02:02
51,3775,false,default
52,1632,true,2024-09-08 08:53:42
52,180,true,2024-09-27 08:53:42
52,2849,true,2024-10-14 08:53:42
52,2885,true,2024-10-22 08:53:42
52,1037,true,2024-10-08 08:53:42
52,1124,true,2024-10-15 08:53:42
52,2562,true,2024-10-01 08:53:42
53,1514,false,default
53,119,false,default
53,2511,false,default
53,3663,false,default
54,3016,true,2025-10-26 23:15:49
54,725,true,2025-10-26 23:15:49
54,3568,true,2025-09-21 18:43:54
54,3486,true,2025-10-08 18:43:54
54,540,true,2025-09-24 18:43:54
55,3493,true,2025-05-24 07:22:43
55,796,false,default
55,2684,true,2025-05-07 07:22:43
55,2515,false,default
55,3021,false,default
55,69,true,2025-05-08 07:22:43
55,1363,false,default
55,3430,false,default
55,2753,false,default
55,3475,false,default
55,3686,true,2025-06-04 07:22:43
56,791,false,default
56,3380,false,default
56,3119,false,default
57,2986,false,default
57,1093,false,default
57,344,true,2024-02-09 09:14:03
57,707,false,default
57,1817,false,default
57,183,false,default
57,1129,true,2024-02-16 09:14:03
57,2493,false,default
57,814,false,default
57,2821,false,default
57,2071,false,default
58,1122,true,2024-07-24 22:00:27
58,2297,true,2024-07-31 22:00:27
58,1437,false,default
59,3811,true,2023-12-02 23:46:04
59,1897,true,2023-12-19 23:46:04
59,362,true,2023-12-22 23:46:04
59,477,true,2023-11-13 23:46:04
60,891,false,default
60,2614,false,default
60,1535,false,default
60,1886,false,default
60,333,false,default
61,3430,false,default
61,2789,true,2025-07-19 19:54:11
61,2631,false,default
61,3862,false,default
61,3693,false,default
61,3542,true,2025-07-03 19:54:11
62,730,false,default
62,1143,true,2023-11-20 01:55:20
62,576,true,2023-12-18 01:55:20
62,2315,true,2023-12-02 01:55:20
62,1293,true,2023-11-20 01:55:20
62,1696,false,default
62,926,false,default
62,3422,false,default
62,772,false,default
63,1455,true,2025-04-19 07:51:53
63,2371,false,default
63,1490,true,2025-06-09 07:51:53
63,1429,true,2025-05-24 07:51:53
64,2204,false,default
64,2330,false,default
64,863,false,default
64,2877,true,2023-12-10 12:15:37
64,1778,true,2024-01-02 12:15:37
64,1421,false,default
64,2647,false,default
64,3322,false,default
64,2794,false,default
65,3400,true,2024-03-29 12:03:02
65,3044,true,2024-04-11 12:03:02
65,3254,true,2024-03-30 12:03:02
65,1102,true,2024-04-17 12:03:02
65,372,true,2024-04-12 12:03:02
65,2103,false,default
65,3168,true,2024-05-02 12:03:02
65,864,true,2024-03-08 12:03:02
65,1058,true,2024-03-26 12:03:02
65,894,false,default
65,1916,false,default
66,3561,false,default
66,3691,true,2024-02-05 02:24:56
66,33,false,default
66,651,true,2024-02-05 02:24:56
67,3741,false,default
67,1467,false,default
67,1255,false,default
67,667,true,2025-04-30 08:46:27
68,1799,false,default
68,3315,false,default
68,2526,false,default
68,1870,false,default
68,2432,false,default
69,1782,true,2024-10-01 23:26:00
69,2994,true,2024-09-20 23:26:00
69,1636,true,2024-10-02 23:26:00
69,1940,true,2024-08-27 23:26:00
69,3417,true,2024-09-05 23:26:00
69,998,false,default
69,1035,true,2024-09-27 23:26:00
69,2963,true,2024-09-05 23:26:00
69,1529,true,2024-10-24 23:26:00
69,2462,true,2024-09-14 23:26:00
69,1384,true,2024-10-21 23:26:00
69,1977,true,2024-10-03 23:26:00
70,2327,false,default
70,3080,false,default
70,572,true,2025-05-25 09:37:23
70,533,false,default
70,2718,false,default
70,1365,true,2025-05-10 09:37:23
70,3230,false,default
70,221,true,2025-05-29 09:37:23
70,371,false,default
70,1267,false,default
70,3248,false,default
71,821,false,default
71,3617,true,2024-07-05 16:38:16
71,705,false,default
72,968,true,2024-05-11 15:31:27
72,3514,false,default
72,833,false,default
72,1789,false,default
73,2805,false,default
73,2275,false,default
73,3464,false,default
73,3177,true,2025-04-24 13:49:16
73,1533,false,default
73,21,false,default
74,1929,false,default
74,2253,false,default
74,2814,false,default
74,1615,false,default
74,2863,false,default
74,871,false,default
74,3739,true,2024-03-18 00:31:45
74,1935,false,default
75,3126,false,default
75,3756,false,default
75,393,false,default
75,1588,false,default
75,527,true,2025-02-07 20:08:36
75,1304,true,2025-01-25 20:08:36
75,3831,true,2025-02-03 20:08:36
75,547,false,default
75,1638,false,default
75,3168,false,default
76,2001,true,2025-01-06 22:11:01
76,2744,false,default
76,3033,false,default
76,2403,true,2024-12-19 22:11:01
77,1512,true,2024-01-17 19:35:36
77,1484,false,default
77,1393,false,default
77,2054,false,default
77,3372,false,default
78,1631,true,2024-01-01 02:03:27
78,3747,true,2024-01-11 02:03:27
78,317,true,2023-12-27 02:03:27
78,2645,true,2023-12-26 02:03:27
78,943,true,2024-01-10 02:03:27
78,566,true,2024-01-28 02:03:27
78,2048,true,2024-01-18 02:03:27
78,770,true,2024-02-07 02:03:27
78,182,true,2023-12-22 02:03:27
78,866,true,2024-01-14 02:03:27
78,1237,true,2024-02-05 02:03:27
78,1784,true,2023-12-21 02:03:27
79,2687,false,default
79,3533,false,default
79,1657,true,2024-06-16 22:59:58
79,3292,false,default
79,3306,false,default
79,51,false,default
79,659,false,default
79,1307,false,default
80,2812,false,default
80,1863,true,2024-08-05 06:02:02
80,48,true,2024-07-17 06:02:02
80,1992,false,default
80,2679,true,2024-08-01 06:02:02
80,2746,false,default
80,1646,true,2024-07-08 06:02:02
80,1731,true,2024-08-10 06:02:02
80,3160,false,default
80,224,true,2024-07-21 06:02:02
80,1241,false,default
81,3218,false,default
81,733,true,2024-10-22 10:46:22
81,1737,false,default
81,2178,false,default
81,3112,false,default
81,1571,false,default
81,3565,false,default
81,2764,false,default
82,3884,false,default
82,3827,true,2023-12-28 08:45:21
82,2899,true,2024-01-17 08:45:21
83,3573,true,2024-12-04 19:36:59
83,1864,true,2024-12-11 19:36:59
83,1782,true,2024-12-15 19:36:59
83,199,false,default
83,1904,true,2024-12-19 19:36:59
83,1154,true,2024-11-24 19:36:59
83,164,true,2024-12-21 19:36:59
83,498,true,2024-12-13 19:36:59
83,3555,true,2024-12-12 19:36:59
83,2006,true,2025-01-02 19:36:59
83,1886,true,2024-11-25 19:36:59
83,1504,true,2024-12-31 19:36:59
84,2998,true,2025-10-12 01:20:56
84,150,false,default
84,2177,false,default
84,3026,true,2025-10-06 01:20:56
85,517,false,default
85,2977,false,default
85,593,false,default
85,2593,false,default
85,2022,false,default
85,1766,false,default
85,3657,false,default
85,1126,false,default
85,1415,false,default
85,1877,true,2023-11-26 14:12:53
85,2823,false,default
86,1878,false,default
86,167,true,2024-08-31 16:25:16
86,314,true,2024-09-10 16:25:16
86,1338,true,2024-10-16 16:25:16
86,1527,false,default
86,157,true,2024-09-15 16:25:16
86,602,true,2024-10-15 16:25:16
86,2496,true,2024-10-10 16:25:16
86,2965,true,2024-10-16 16:25:16
86,2613,true,2024-10-25 16:25:16
86,3328,true,2024-09-04 16:25:16
87,3251,false,default
87,785,false,default
87,2339,false,default
87,1069,true,2024-03-02 10:08:57
87,1242,false,default
87,2522,false,default
87,2106,false,default
87,2209,false,default
87,3499,false,default
88,2349,false,default
88,1938,true,2025-04-18 01:10:20
88,882,true,2025-04-15 01:10:20
89,2055,false,default
89,2751,true,2024-09-01 05:55:43
89,188,true,2024-08-15 05:55:43
89,2477,false,default
89,1633,false,default
90,77,false,default
90,3204,true,2025-01-14 01:09:26
90,1698,false,default
90,2692,false,default
90,532,false,default
90,1126,true,2025-01-01 01:09:26
90,1094,false,default
90,1895,true,2025-02-14 01:09:26
90,2454,false,default
91,262,false,default
91,2505,false,default
91,1179,false,default
91,2983,false,default
91,2917,true,2024-04-11 04:53:26
91,2496,true,2024-04-24 04:53:26
91,3388,true,2024-04-14 04:53:26
91,1887,false,default
92,52,true,2025-02-03 03:17:04
92,1405,false,default
92,1396,true,2025-02-15 03:17:04
92,1310,true,2025-01-28 03:17:04
92,1419,false,default
92,3370,true,2024-12-28 03:17:04
92,1821,true,2025-02-01 03:17:04
92,622,true,2025-01-23 03:17:04
92,1893,true,2025-01-27 03:17:04
92,3500,true,2025-01-14 03:17:04
93,3064,false,default
93,2170,false,default
93,1513,true,2024-09-14 19:03:07
93,1246,false,default
94,2763,true,2025-03-07 15:33:29
94,1915,true,2025-03-16 15:33:29
94,122,true,2025-04-19 15:33:29
94,639,true,2025-03-26 15:33:29
94,2560,true,2025-02-28 15:33:29
94,2396,true,2025-03-16 15:33:29
94,683,false,default
94,2557,true,2025-03-30 15:33:29
95,1621,false,default
95,895,false,default
95,866,false,default
95,454,false,default
96,732,false,default
96,3543,false,default
96,652,false,default
96,3142,false,default
96,3185,true,2025-03-27 05:55:20
96,3009,true,2025-03-01 05:55:20
96,1643,true,2025-03-18 05:55:20
96,2254,false,default
96,1674,false,default
96,1442,true,2025-02-12 05:55:20
96,3078,false,default
96,892,false,default
97,2194,true,2024-06-01 00:11:49
97,2182,true,2024-06-20 00:11:49
97,1607,true,2024-05-19 00:11:49
97,923,true,2024-06-15 00:11:49
97,3519,true,2024-05-27 00:11:49
97,1655,true,2024-06-08 00:11:49
97,2027,true,2024-05-09 00:11:49
97,3100,true,2024-06-10 00:11:49
98,2377,true,2024-04-25 01:23:37
98,2676,false,default
98,1713,true,2024-03-31 01:23:37
98,1714,true,2024-03-25 01:23:37
99,2062,true,2024-11-05 23:27:19
99,330,true,2024-11-02 23:27:19
99,2456,false,default
99,2338,true,2024-11-25 23:27:19
99,2999,true,2024-10-13 23:27:19
99,1675,true,2024-11-24 23:27:19
99,3873,false,default
99,94,true,2024-11-28 23:27:19
99,1332,false,default
99,2498,true,2024-10-11 23:27:19
99,1024,true,2024-10-30 23:27:19
99,682,true,2024-10-24 23:27:19
100,1935,false,default
100,3839,true,2025-03-21 15:07:28
100,2920,false,default
100,3774,false,default
100,819,false,default
100,1322,false,default
101,848,false,default
101,2366,false,default
101,1889,false,default
101,1881,false,default
102,2471,true,2024-04-18 09:52:29
102,1818,false,default
102,991,true,2024-05-05 09:52:29
102,3264,true,2024-03-24 09:52:29
102,725,true,2024-03-20 09:52:29
102,1890,true,2024-05-06 09:52:29
103,3552,true,2024-04-01 23:12:09
103,2129,true,2024-05-11 23:12:09
103,1926,true,2024-04-30 23:12:09
104,2932,true,2024-10-13 07:50:14
104,3181,false,default
104,2487,false,default
104,2651,false,default
104,2188,false,default
104,2928,false,default
104,98,false,default
104,1797,false,default
104,1970,false,default
104,3391,false,default
104,2974,false,default
105,1489,false,default
105,1637,false,default
105,2936,false,default
105,3799,false,default
105,2096,false,default
105,2578,false,default
105,2661,false,default
105,1803,false,default
105,1756,false,default
106,598,false,default
106,3470,false,default
106,1076,false,default
106,3105,false,default
107,3243,true,2025-05-04 05:03:55
107,458,true,2025-04-02 05:03:55
107,2958,true,2025-04-07 05:03:55
107,693,true,2025-04-04 05:03:55
107,1502,true,2025-04-30 05:03:55
107,1692,true,2025-04-14 05:03:55
107,2690,true,2025-04-07 05:03:55
107,1392,true,2025-05-06 05:03:55
107,582,true,2025-04-14 05:03:55
107,3740,true,2025-04-30 05:03:55
107,996,true,2025-04-02 05:03:55
107,3259,true,2025-04-22 05:03:55
108,3119,false,default
108,574,false,default
108,607,false,default
108,2138,false,default
108,1182,false,default
108,107,false,default
108,906,false,default
109,2924,false,default
109,1193,false,default
109,1257,true,2024-12-13 12:01:02
109,3870,true,2025-01-20 12:01:02
109,2933,true,2025-01-24 12:01:02
109,649,true,2025-01-17 12:01:02
109,2326,true,2024-12-12 12:01:02
109,2597,false,default
110,1198,true,2023-11-13 02:21:58
110,3520,true,2023-12-11 02:21:58
110,1574,false,default
110,1054,true,2023-11-04 02:21:58
110,2609,true,2023-11-20 02:21:58
111,3054,true,2025-02-26 09:32:54
111,3565,true,2025-03-02 09:32:54
111,2117,true,2025-02-02 09:32:54
111,1663,true,2025-02-12 09:32:54
111,1954,true,2025-01-12 09:32:54
111,2534,true,2025-02-26 09:32:54
111,3687,true,2025-02-04 09:32:54
111,698,true,2025-02-01 09:32:54
112,3675,true,2025-04-14 15:04:09
112,1556,false,default
112,59,true,2025-04-08 15:04:09
112,2740,false,default
112,3879,true,2025-04-09 15:04:09
113,2493,false,default
113,3187,true,2024-10-22 12:22:26
113,2986,true,2024-10-20 12:22:26
113,3233,false,default
113,490,false,default
114,3713,true,2024-05-18 08:58:52
114,50,true,2024-06-07 08:58:52
114,3441,true,2024-05-31 08:58:52
114,3057,true,2024-05-18 08:58:52
114,3465,true,2024-06-08 08:58:52
114,3355,true,2024-04-19 08:58:52
114,3208,true,2024-06-04 08:58:52
114,3227,false,default
114,2147,true,2024-04-17 08:58:52
114,3679,true,2024-05-12 08:58:52
114,936,false,default
114,3037,true,2024-05-20 08:58:52
115,1003,true,2024-10-30 09:01:32
115,1049,false,default
115,3266,true,2024-10-09 09:01:32
115,3029,false,default
115,749,false,default
115,2826,false,default
115,3836,false,default
115,2666,true,2024-10-27 09:01:32
115,3513,false,default
115,1004,false,default
115,936,false,default
116,3044,false,default
116,779,true,2023-12-17 16:09:38
116,3004,false,default
116,3403,false,default
116,3758,false,default
116,261,false,default
116,3712,false,default
117,851,false,default
117,933,false,default
117,1000,false,default
117,2399,false,default
117,3120,false,default
117,2381,false,default
117,1955,false,default
118,2200,false,default
118,3612,true,2024-08-12 23:25:45
118,3201,false,default
118,210,false,default
118,1307,false,default
118,3236,false,default
118,2597,false,default
118,300,false,default
118,805,false,default
118,1960,false,default
119,809,false,default
119,410,true,2023-12-04 05:41:55
119,2222,true,2023-12-21 05:41:55
119,2415,true,2023-11-15 05:41:55
120,3528,true,2025-04-04 16:08:25
120,3707,false,default
120,457,false,default
120,2950,false,default
120,3632,true,2025-04-18 16:08:25
120,1814,false,default
120,3185,true,2025-04-27 16:08:25
120,2633,true,2025-03-29 16:08:25
120,798,true,2025-04-08 16:08:25
120,2413,true,2025-04-19 16:08:25
120,3301,false,default
120,2601,false,default
121,1163,true,2025-07-15 17:53:23
121,2644,true,2025-08-04 17:53:23
121,1228,false,default
121,1083,true,2025-09-10 17:53:23
121,3553,true,2025-08-16 17:53:23
121,2180,true,2025-08-14 17:53:23
121,1020,true,2025-08-15 17:53:23
121,1398,false,default
121,1128,true,2025-07-25 17:53:23
121,2777,true,2025-07-26 17:53:23
122,2757,true,2025-09-12 19:46:00
122,1248,true,2025-10-19 19:46:00
122,388,false,default
122,3791,true,2025-09-06 19:46:00
123,1259,false,default
123,2056,false,default
123,1251,false,default
123,1311,true,2025-09-10 18:59:29
123,3140,false,default
123,2173,false,default
124,2339,false,default
124,2753,true,2024-09-17 17:51:16
124,634,false,default
124,1327,true,2024-09-20 17:51:16
124,641,false,default
124,787,true,2024-08-19 17:51:16
124,3140,false,default
125,1941,true,2025-10-26 23:15:49
125,2677,true,2025-10-15 18:56:18
125,2439,true,2025-10-26 23:15:49
125,3231,true,2025-10-26 23:15:49
125,1708,true,2025-10-13 18:56:18
125,3194,true,2025-10-21 18:56:18
125,2976,true,2025-10-12 18:56:18
125,1104,true,2025-10-20 18:56:18
126,3124,true,2024-01-07 01:33:30
126,1709,false,default
126,24,false,default
126,3123,true,2023-12-09 01:33:30
126,3851,true,2023-12-11 01:33:30
126,1656,true,2024-01-15 01:33:30
126,227,false,default
126,1675,true,2023-12-16 01:33:30
126,1449,true,2023-11-24 01:33:30
126,2646,false,default
126,3299,false,default
126,574,false,default
127,3240,true,2024-07-13 23:35:12
127,1567,false,default
127,1335,true,2024-07-24 23:35:12
127,2286,true,2024-07-19 23:35:12
127,2294,true,2024-07-29 23:35:12
127,3028,false,default
127,817,true,2024-08-24 23:35:12
127,3267,true,2024-08-08 23:35:12
128,3878,true,2025-10-26 23:15:49
128,189,true,2025-10-26 23:15:49
128,3200,true,2025-10-26 23:15:49
128,2701,false,default
128,1598,false,default
128,2818,true,2025-10-26 23:15:49
128,3723,true,2025-10-26 23:15:49
128,2894,false,default
128,1995,false,default
128,1024,true,2025-10-26 23:15:49
128,1148,false,default
128,2486,true,2025-10-23 18:53:41
129,3608,false,default
129,3072,false,default
129,304,true,2024-02-15 04:42:16
129,1330,false,default
129,3176,true,2024-01-22 04:42:16
129,3001,false,default
129,1695,false,default
129,3377,false,default
129,622,false,default
129,3580,false,default
130,1796,false,default
130,1005,false,default
130,1343,false,default
130,2346,false,default
130,2239,true,2024-08-06 13:17:52
130,3125,false,default
130,2707,false,default
130,1068,false,default
130,2281,false,default
130,2176,false,default
130,3348,false,default
131,3163,false,default
131,3154,false,default
131,279,true,2025-06-09 09:17:03
132,3708,false,default
132,3165,true,2024-04-02 18:42:15
132,1827,true,2024-05-03 18:42:15
132,3061,true,2024-05-05 18:42:15
132,3624,true,2024-04-06 18:42:15
132,880,false,default
132,755,false,default
132,1316,true,2024-04-06 18:42:15
133,3821,true,2025-05-09 08:30:22
133,95,true,2025-05-27 08:30:22
133,575,true,2025-05-12 08:30:22
133,489,true,2025-05-31 08:30:22
133,2631,true,2025-04-25 08:30:22
133,1683,true,2025-06-07 08:30:22
133,1751,false,default
133,1624,true,2025-04-25 08:30:22
133,3302,true,2025-05-27 08:30:22
133,1993,true,2025-04-26 08:30:22
133,3270,true,2025-05-26 08:30:22
133,197,true,2025-06-09 08:30:22
134,649,true,2024-06-13 03:57:50
134,3272,true,2024-04-30 03:57:50
134,2104,true,2024-06-14 03:57:50
134,3467,true,2024-06-08 03:57:50
135,1908,false,default
135,1849,false,default
135,3643,true,2024-06-11 23:32:10
135,3607,true,2024-06-06 23:32:10
135,3027,true,2024-06-09 23:32:10
135,624,true,2024-06-14 23:32:10
135,2665,false,default
135,1354,false,default
135,300,false,default
136,1645,false,default
136,2355,false,default
136,1204,false,default
136,27,false,default
136,2555,false,default
136,3393,false,default
136,1598,false,default
136,78,false,default
136,35,false,default
137,1750,false,default
137,617,false,default
137,1061,true,2024-08-30 11:49:14
137,3505,false,default
137,913,false,default
137,2394,true,2024-08-25 11:49:14
138,3365,true,2025-04-17 23:30:07
138,2353,true,2025-04-09 23:30:07
138,3791,true,2025-04-04 23:30:07
138,1453,true,2025-03-30 23:30:07
138,3659,true,2025-05-02 23:30:07
138,3606,true,2025-05-06 23:30:07
139,2213,false,default
139,1428,true,2025-10-26 23:15:49
139,284,false,default
140,2696,false,default
140,856,false,default
140,827,true,2024-10-21 03:26:30
140,1241,true,2024-10-28 03:26:30
140,669,false,default
140,1738,false,default
140,1111,true,2024-12-15 03:26:30
140,955,false,default
141,3417,false,default
141,3884,false,default
141,1537,false,default
141,105,false,default
141,1819,false,default
141,3554,false,default
141,3048,true,2024-12-27 21:34:58
141,3499,false,default
141,3031,false,default
141,855,false,default
142,1636,true,2024-02-08 03:49:04
142,814,true,2024-01-30 03:49:04
142,843,false,default
142,3158,true,2024-01-14 03:49:04
142,1559,false,default
142,2418,false,default
142,3337,true,2024-02-08 03:49:04
142,511,true,2024-01-12 03:49:04
142,381,true,2024-01-18 03:49:04
142,718,true,2024-01-04 03:49:04
143,3276,false,default
143,2077,false,default
143,1474,false,default
143,1958,false,default
143,1046,false,default
143,2084,false,default
144,67,true,2024-05-16 04:40:25
144,30,true,2024-05-17 04:40:25
144,1557,false,default
144,3291,true,2024-05-13 04:40:25
145,3875,true,2025-04-09 21:55:35
145,3473,true,2025-04-09 21:55:35
145,2671,true,2025-04-19 21:55:35
145,1232,false,default
146,65,true,2025-07-26 01:20:25
146,1126,true,2025-07-12 01:20:25
146,2989,true,2025-07-30 01:20:25
146,2652,true,2025-06-14 01:20:25
146,3676,true,2025-06-15 01:20:25
146,1325,true,2025-07-20 01:20:25
146,186,true,2025-08-02 01:20:25
146,577,false,default
146,3472,false,default
147,3031,true,2025-07-11 00:36:22
147,2708,true,2025-08-13 00:36:22
147,1201,true,2025-08-16 00:36:22
147,1523,true,2025-06-25 00:36:22
147,2530,true,2025-08-07 00:36:22
147,1700,true,2025-06-28 00:36:22
148,836,true,2025-03-14 09:21:49
148,1254,true,2025-02-23 09:21:49
148,1654,true,2025-02-04 09:21:49
149,117,true,2024-09-13 20:13:57
149,3641,false,default
149,1928,true,2024-08-12 20:13:57
150,3124,true,2024-05-03 15:50:42
150,2452,true,2024-04-27 15:50:42
150,2960,true,2024-05-19 15:50:42
151,1720,false,default
151,272,false,default
151,461,false,default
151,1949,false,default
151,1903,false,default
151,1701,false,default
152,551,true,2025-06-12 07:59:00
152,3510,false,default
152,2471,true,2025-06-13 07:59:00
152,3316,false,default
152,2609,true,2025-06-29 07:59:00
152,3,true,2025-07-05 07:59:00
152,1276,false,default
152,1951,true,2025-07-06 07:59:00
152,1924,true,2025-06-18 07:59:00
152,3685,false,default
152,3699,true,2025-05-25 07:59:00
153,2109,false,default
153,532,true,2025-10-26 23:15:49
153,3300,false,default
153,3860,false,default
153,585,false,default
154,2938,false,default
154,1655,false,default
154,1157,false,default
154,3633,false,default
155,1024,false,default
155,927,false,default
155,1027,false,default
155,757,false,default
155,2991,false,default
155,2701,false,default
155,1234,false,default
155,1347,false,default
155,2911,true,2024-12-26 23:57:20
155,1893,false,default
155,2738,false,default
155,2420,false,default
156,3113,true,2025-06-11 15:02:38
156,3685,false,default
156,540,false,default
156,1344,true,2025-05-31 15:02:38
156,1729,false,default
156,1536,false,default
156,2709,true,2025-06-09 15:02:38
156,595,false,default
156,2374,false,default
156,3017,false,default
156,3829,false,default
156,3485,true,2025-07-10 15:02:38
157,664,true,2025-04-19 09:28:41
157,1626,false,default
157,1322,false,default
158,3514,true,2024-05-27 12:06:09
158,1409,false,default
158,770,true,2024-07-02 12:06:09
158,2576,false,default
158,3562,true,2024-05-17 12:06:09
158,3347,true,2024-05-22 12:06:09
158,2365,false,default
158,1662,true,2024-05-27 12:06:09
158,1852,true,2024-06-26 12:06:09
158,880,true,2024-06-30 12:06:09
159,1870,true,2024-06-26 10:33:38
159,2717,true,2024-05-11 10:33:38
159,396,false,default
159,2737,true,2024-05-11 10:33:38
159,3508,true,2024-06-08 10:33:38
159,1403,true,2024-06-18 10:33:38
159,3127,true,2024-05-22 10:33:38
159,2127,true,2024-05-12 10:33:38
159,1077,false,default
159,259,true,2024-06-28 10:33:38
160,1854,false,default
160,1787,true,2025-02-01 01:08:48
160,2267,false,default
160,3849,false,default
160,340,true,2025-03-17 01:08:48
160,3552,false,default
160,2068,true,2025-03-07 01:08:48
160,748,true,2025-02-06 01:08:48
161,3005,false,default
161,3050,false,default
161,1450,true,2025-01-13 09:04:49
162,3523,true,2024-04-11 08:36:13
162,2174,false,default
162,2151,true,2024-03-31 08:36:13
162,193,true,2024-03-08 08:36:13
162,3278,true,2024-03-21 08:36:13
163,2787,false,default
163,679,false,default
163,2601,false,default
163,2599,false,default
163,3519,false,default
164,3454,true,2024-10-29 02:35:58
164,3812,false,default
164,3077,false,default
164,2934,false,default
164,623,true,2024-12-01 02:35:58
164,2216,false,default
164,3860,true,2024-11-07 02:35:58
164,2498,false,default
164,1737,false,default
164,3516,false,default
164,829,false,default
164,1141,false,default
165,1917,true,2024-01-20 01:06:06
165,1319,true,2023-12-29 01:06:06
165,558,false,default
165,2956,true,2023-12-11 01:06:06
165,3843,true,2023-12-12 01:06:06
165,1229,true,2024-01-02 01:06:06
165,2,false,default
165,307,true,2024-01-24 01:06:06
165,1030,true,2023-12-13 01:06:06
166,3221,false,default
166,654,true,2024-08-08 10:22:30
166,2647,true,2024-08-18 10:22:30
166,1717,false,default
166,1602,false,default
166,2423,true,2024-08-21 10:22:30
167,506,false,default
167,2974,true,2024-08-24 04:18:34
167,3030,false,default
167,2400,true,2024-09-27 04:18:34
167,3869,true,2024-09-01 04:18:34
168,2609,false,default
168,481,false,default
168,2133,false,default
168,1275,false,default
168,2148,false,default
168,421,false,default
168,3161,false,default
168,2575,false,default
169,952,true,2025-08-03 00:09:21
169,2706,false,default
169,1796,true,2025-09-05 00:09:21
169,1224,false,default
169,3368,true,2025-08-25 00:09:21
169,512,true,2025-08-23 00:09:21
169,2217,true,2025-09-02 00:09:21
169,3043,true,2025-08-06 00:09:21
169,2499,false,default
169,1862,false,default
169,630,false,default
169,289,true,2025-09-21 00:09:21
170,921,true,2025-06-20 02:19:02
170,2142,false,default
170,423,false,default
170,363,false,default
170,2998,false,default
170,2472,false,default
170,2454,true,2025-05-17 02:19:02
170,3544,true,2025-07-05 02:19:02
170,1486,true,2025-06-29 02:19:02
170,989,false,default
171,3706,true,2024-06-10 22:52:28
171,1031,false,default
171,2623,true,2024-06-16 22:52:28
171,2081,false,default
171,1347,false,default
171,1719,true,2024-07-25 22:52:28
171,2732,true,2024-07-31 22:52:28
172,2400,false,default
172,2028,false,default
172,907,false,default
172,2422,false,default
172,1777,false,default
172,2727,false,default
172,1089,true,2025-07-18 05:48:00
172,426,true,2025-07-13 05:48:00
172,3199,true,2025-08-04 05:48:00
172,3385,false,default
173,2465,false,default
173,442,false,default
173,2419,false,default
173,3434,false,default
173,3251,false,default
173,2633,false,default
173,404,false,default
173,2358,false,default
173,389,false,default
174,1478,false,default
174,2377,false,default
174,2756,false,default
174,2906,true,2023-12-30 03:48:34
175,1423,false,default
175,2651,false,default
175,3229,false,default
175,1804,false,default
175,3491,false,default
175,1888,false,default
175,2349,false,default
175,3537,false,default
175,2142,false,default
176,3331,true,2025-03-24 16:53:56
176,3299,true,2025-04-16 16:53:56
176,2573,true,2025-03-22 16:53:56
177,405,true,2024-12-16 21:24:37
177,1198,true,2024-11-29 21:24:37
177,3772,false,default
178,3353,true,2024-11-19 19:08:28
178,2798,false,default
178,1410,true,2024-10-26 19:08:28
178,1444,true,2024-11-28 19:08:28
178,1019,true,2024-11-29 19:08:28
178,1134,false,default
178,1827,true,2024-10-20 19:08:28
179,3158,false,default
179,3537,true,2025-08-22 12:42:10
179,2242,true,2025-07-04 12:42:10
179,2656,true,2025-07-20 12:42:10
179,1319,false,default
179,3034,true,2025-07-21 12:42:10
180,3031,false,default
180,3298,true,2025-04-08 23:10:57
180,3426,true,2025-05-16 23:10:57
180,933,true,2025-05-07 23:10:57
180,1297,false,default
180,3395,true,2025-04-23 23:10:57
180,1253,true,2025-04-14 23:10:57
180,415,true,2025-04-13 23:10:57
180,3745,false,default
180,2958,true,2025-05-13 23:10:57
180,371,false,default
180,2620,true,2025-04-20 23:10:57
181,691,false,default
181,1323,false,default
181,66,false,default
181,457,false,default
181,778,true,2025-01-22 23:51:14
181,2384,false,default
181,1272,true,2025-01-21 23:51:14
181,3723,false,default
182,2534,true,2024-02-12 05:29:11
182,2850,true,2024-03-19 05:29:11
182,312,false,default
182,814,true,2024-02-24 05:29:11
182,383,false,default
183,1626,false,default
183,545,true,2024-08-10 11:18:06
183,3774,false,default
183,1578,false,default
183,425,true,2024-09-03 11:18:06
183,3462,true,2024-07-15 11:18:06
183,3016,false,default
183,3337,false,default
183,3590,true,2024-07-28 11:18:06
183,3635,true,2024-08-17 11:18:06
183,3271,false,default
184,1122,true,2024-11-12 16:29:09
184,108,true,2024-11-03 16:29:09
184,2026,true,2024-11-21 16:29:09
184,920,true,2024-11-18 16:29:09
184,3413,true,2024-11-04 16:29:09
185,3433,false,default
185,1798,false,default
185,1698,true,2024-10-02 05:20:56
185,2279,false,default
185,2258,true,2024-10-02 05:20:56
185,2327,true,2024-08-28 05:20:56
185,788,true,2024-09-08 05:20:56
185,1689,false,default
185,763,false,default
185,3474,true,2024-09-04 05:20:56
185,2125,true,2024-09-04 05:20:56
185,2380,true,2024-10-08 05:20:56
186,2214,false,default
186,1463,true,2025-07-12 08:18:36
186,316,false,default
186,2840,false,default
186,551,false,default
186,1318,true,2025-06-26 08:18:36
187,396,false,default
187,3758,false,default
187,3213,false,default
187,2079,true,2025-07-04 23:21:23
187,2902,false,default
187,1949,true,2025-07-03 23:21:23
187,2193,false,default
187,1285,false,default
187,430,false,default
187,3307,false,default
187,3385,false,default
187,2475,false,default
188,1906,true,2024-11-13 12:22:02
188,1103,true,2024-11-06 12:22:02
188,2353,true,2024-11-13 12:22:02
188,3427,false,default
188,218,false,default
188,1886,false,default
188,2535,false,default
188,1794,false,default
188,2037,false,default
188,2421,false,default
188,1787,false,default
189,1953,true,2025-03-09 19:18:23
189,3554,false,default
189,2894,true,2025-02-16 19:18:23
190,2334,true,2025-07-14 10:23:04
190,1033,false,default
190,3881,true,2025-07-07 10:23:04
190,3673,false,default
191,1624,false,default
191,882,false,default
191,2711,false,default
191,1852,true,2025-08-11 16:21:43
191,1270,false,default
191,2206,true,2025-08-26 16:21:43
191,2856,false,default
191,2764,false,default
191,1248,false,default
192,591,true,2024-09-24 11:12:17
192,3139,true,2024-09-17 11:12:17
192,2211,false,default
192,2791,false,default
192,2404,true,2024-10-07 11:12:17
192,1289,true,2024-09-01 11:12:17
192,3534,false,default
192,28,false,default
192,2497,true,2024-10-07 11:12:17
192,217,true,2024-09-03 11:12:17
192,2917,false,default
193,3170,true,2024-06-29 13:35:11
193,3109,true,2024-06-30 13:35:11
193,735,false,default
193,3424,true,2024-07-19 13:35:11
193,743,false,default
193,121,true,2024-07-30 13:35:11
194,1562,false,default
194,2853,false,default
194,1944,true,2024-06-12 18:37:26
194,568,true,2024-06-18 18:37:26
194,3471,false,default
194,1407,true,2024-06-23 18:37:26
194,750,true,2024-07-02 18:37:26
194,393,true,2024-06-19 18:37:26
194,1275,true,2024-06-21 18:37:26
195,1392,true,2024-10-29 18:28:44
195,1851,false,default
195,3080,false,default
195,386,false,default
195,2146,false,default
195,1056,false,default
195,84,false,default
195,3602,false,default
196,392,true,2025-06-20 17:36:02
196,691,false,default
196,8,true,2025-07-10 17:36:02
197,114,false,default
197,3277,true,2025-09-17 10:48:24
197,3708,false,default
197,2327,true,2025-09-26 10:48:24
197,2308,true,2025-09-10 10:48:24
197,1536,false,default
197,3520,false,default
197,285,true,2025-10-26 23:15:49
197,707,false,default
198,1533,true,2024-08-01 12:43:29
198,2352,true,2024-06-25 12:43:29
198,725,false,default
198,3652,true,2024-08-21 12:43:29
198,1806,true,2024-07-27 12:43:29
199,3830,false,default
199,1194,true,2025-03-21 00:46:38
199,442,true,2025-02-26 00:46:38
199,1430,false,default
200,792,false,default
200,2472,true,2025-04-05 13:01:40
200,636,true,2025-03-14 13:01:40
200,2512,true,2025-02-21 13:01:40
201,1386,false,default
201,1009,false,default
201,1498,false,default
201,580,false,default
201,981,false,default
201,3349,true,2023-12-18 07:38:19
201,2011,false,default
201,772,false,default
201,3253,false,default
201,1656,false,default
201,171,false,default
202,2899,true,2024-03-29 16:40:01
202,3091,true,2024-02-22 16:40:01
202,3437,true,2024-02-28 16:40:01
202,2422,true,2024-03-21 16:40:01
202,405,true,2024-03-08 16:40:01
202,3473,true,2024-03-06 16:40:01
202,2130,true,2024-03-08 16:40:01
202,373,true,2024-03-05 16:40:01
202,2718,true,2024-02-15 16:40:01
202,2683,true,2024-03-12 16:40:01
203,428,true,2025-07-27 18:26:49
203,1317,true,2025-08-15 18:26:49
203,2299,true,2025-08-14 18:26:49
204,2161,false,default
204,3405,false,default
204,171,false,default
204,771,false,default
204,3879,false,default
204,366,false,default
204,1258,false,default
205,3688,true,2025-10-18 09:24:56
205,2340,true,2025-10-19 09:24:56
205,2224,true,2025-09-07 09:24:56
205,711,true,2025-10-26 23:15:49
205,2626,true,2025-09-18 09:24:56
205,1285,true,2025-09-11 09:24:56
205,3028,true,2025-10-04 09:24:56
205,197,false,default
205,2189,true,2025-09-16 09:24:56
205,115,true,2025-10-26 23:15:49
205,194,true,2025-09-19 09:24:56
205,1241,true,2025-10-20 09:24:56
206,2925,true,2025-05-12 11:01:26
206,834,false,default
206,2029,false,default
206,847,false,default
206,2340,false,default
206,2624,false,default
206,2511,false,default
206,64,false,default
207,3688,false,default
207,2824,false,default
207,477,true,2024-10-06 23:49:16
207,3786,true,2024-08-29 23:49:16
207,1190,false,default
207,20,true,2024-09-07 23:49:16
207,3705,false,default
207,985,false,default
207,2702,false,default
208,639,false,default
208,581,false,default
208,2453,false,default
208,1009,false,default
208,2547,false,default
208,2739,false,default
208,1058,false,default
208,3613,false,default
208,3778,false,default
209,2909,true,2025-01-25 21:31:56
209,3538,true,2025-01-22 21:31:56
209,3695,true,2025-01-04 21:31:56
209,2565,true,2024-12-20 21:31:56
209,1269,true,2025-01-11 21:31:56
209,840,true,2024-12-04 21:31:56
209,3852,true,2025-01-13 21:31:56
209,3600,true,2025-01-17 21:31:56
209,2677,true,2024-12-29 21:31:56
210,528,true,2023-12-28 11:33:12
210,2716,true,2023-12-31 11:33:12
210,2825,true,2024-02-16 11:33:12
211,752,false,default
211,2200,false,default
211,1341,false,default
211,686,false,default
211,3865,false,default
211,3032,false,default
211,1051,true,2024-03-03 19:35:42
211,2789,false,default
211,2929,false,default
211,3812,false,default
212,1167,false,default
212,3505,true,2024-11-01 11:05:34
212,2336,false,default
212,1072,true,2024-10-28 11:05:34
212,445,false,default
212,3118,false,default
212,490,false,default
212,1618,true,2024-11-22 11:05:34
212,3371,true,2024-10-22 11:05:34
212,3628,false,default
212,3621,false,default
213,448,false,default
213,457,true,2023-12-26 03:10:28
213,937,true,2024-01-05 03:10:28
213,156,true,2024-01-16 03:10:28
213,3413,true,2023-11-30 03:10:28
213,1590,false,default
213,756,true,2024-01-09 03:10:28
213,343,false,default
213,3124,true,2024-01-26 03:10:28
213,2842,true,2023-12-30 03:10:28
214,862,true,2024-11-03 01:49:20
214,2970,true,2024-12-18 01:49:20
214,1303,true,2024-12-02 01:49:20
214,180,true,2024-10-25 01:49:20
214,2330,true,2024-11-16 01:49:20
214,59,true,2024-11-15 01:49:20
215,2071,false,default
215,261,true,2024-02-12 13:13:01
215,923,true,2024-02-16 13:13:01
215,754,false,default
215,2570,false,default
216,3569,false,default
216,1805,false,default
216,285,false,default
216,3455,false,default
216,1007,false,default
216,2465,false,default
216,2165,false,default
216,1179,false,default
216,2281,false,default
216,660,false,default
217,1301,true,2024-04-20 23:26:22
217,233,false,default
217,457,true,2024-05-03 23:26:22
217,2805,true,2024-03-25 23:26:22
217,267,true,2024-03-28 23:26:22
218,3693,true,2025-08-12 03:21:48
218,426,false,default
218,2803,false,default
219,2305,false,default
219,240,false,default
219,3333,false,default
219,1588,false,default
219,3149,false,default
219,2323,false,default
219,491,false,default
219,3511,false,default
219,920,false,default
220,82,false,default
220,2658,false,default
220,3376,false,default
221,2642,false,default
221,1582,true,2024-11-01 06:56:06
221,1157,true,2024-10-27 06:56:06
221,2809,true,2024-11-05 06:56:06
221,2524,true,2024-11-27 06:56:06
221,1585,true,2024-12-03 06:56:06
221,1842,true,2024-10-29 06:56:06
221,3729,true,2024-11-11 06:56:06
221,3065,true,2024-11-03 06:56:06
221,974,true,2024-12-13 06:56:06
222,3032,true,2025-09-17 05:41:05
222,86,true,2025-09-14 05:41:05
222,1769,false,default
222,3300,false,default
222,1229,false,default
223,1648,false,default
223,513,false,default
223,3442,false,default
223,2567,false,default
223,1446,false,default
223,853,false,default
223,3858,false,default
223,1663,true,2025-06-03 01:26:57
223,1725,false,default
223,3620,true,2025-06-08 01:26:57
223,1712,true,2025-06-02 01:26:57
224,2726,false,default
224,1634,true,2025-10-26 23:15:49
224,546,true,2025-10-10 02:39:00
224,2963,true,2025-10-16 02:39:00
224,2171,true,2025-10-26 23:15:49
224,844,false,default
224,1008,true,2025-10-26 23:15:49
224,889,false,default
225,2638,false,default
225,1258,false,default
225,875,false,default
225,1610,true,2024-06-11 03:52:38
225,579,true,2024-06-20 03:52:38
225,1927,false,default
225,446,true,2024-06-21 03:52:38
225,2224,true,2024-06-29 03:52:38
225,2672,true,2024-07-13 03:52:38
226,1575,true,2024-06-29 09:16:38
226,3839,true,2024-07-05 09:16:38
226,2120,true,2024-06-04 09:16:38
226,1769,true,2024-06-10 09:16:38
226,739,true,2024-07-10 09:16:38
227,639,true,2024-03-06 13:22:44
227,2627,true,2024-04-08 13:22:44
227,1647,true,2024-02-19 13:22:44
227,2356,true,2024-03-05 13:22:44
227,3203,true,2024-04-13 13:22:44
227,3281,true,2024-04-11 13:22:44
227,811,true,2024-03-07 13:22:44
227,618,true,2024-02-26 13:22:44
227,1685,true,2024-04-01 13:22:44
227,1297,true,2024-02-23 13:22:44
227,1920,true,2024-02-27 13:22:44
227,1007,true,2024-03-04 13:22:44
228,2553,false,default
228,3725,true,2024-04-11 15:20:01
228,1293,false,default
228,2390,true,2024-05-05 15:20:01
229,1243,false,default
229,416,true,2024-08-13 04:55:13
229,3287,false,default
229,2302,false,default
229,655,true,2024-07-25 04:55:13
230,1679,true,2025-04-09 12:28:25
230,649,true,2025-04-15 12:28:25
230,2301,true,2025-03-26 12:28:25
230,2263,true,2025-05-04 12:28:25
230,2576,true,2025-03-17 12:28:25
230,1924,false,default
230,2867,true,2025-04-22 12:28:25
230,1152,true,2025-04-29 12:28:25
230,2827,false,default
230,3474,true,2025-05-07 12:28:25
230,3702,true,2025-04-08 12:28:25
231,2343,true,2025-05-09 21:36:11
231,745,true,2025-03-21 21:36:11
231,1833,true,2025-03-19 21:36:11
231,3662,true,2025-05-10 21:36:11
231,82,true,2025-05-01 21:36:11
231,2015,true,2025-04-23 21:36:11
231,3878,false,default
231,2752,true,2025-03-24 21:36:11
231,2322,true,2025-04-21 21:36:11
231,1409,true,2025-04-01 21:36:11
232,1453,false,default
232,2470,false,default
232,3275,false,default
232,2027,false,default
232,66,true,2024-02-07 17:52:13
232,2548,false,default
232,3650,false,default
233,3487,true,2025-02-24 21:23:17
233,1036,false,default
233,787,false,default
233,2103,false,default
233,1148,true,2025-02-13 21:23:17
234,2660,false,default
234,979,false,default
234,2870,false,default
234,1256,false,default
234,1078,false,default
235,1383,true,2024-12-01 11:26:49
235,166,false,default
235,1118,true,2024-11-20 11:26:49
235,3072,false,default
235,3112,true,2024-10-16 11:26:49
235,2690,false,default
235,1877,true,2024-11-03 11:26:49
235,2701,false,default
235,329,true,2024-11-08 11:26:49
235,1364,true,2024-10-27 11:26:49
236,1591,false,default
236,148,true,2025-07-05 08:23:47
236,2848,true,2025-07-29 08:23:47
236,2753,false,default
236,1108,false,default
236,2855,true,2025-06-29 08:23:47
236,1537,true,2025-07-18 08:23:47
236,1375,false,default
236,1503,true,2025-06-25 08:23:47
236,3290,true,2025-07-14 08:23:47
237,342,true,2024-01-27 22:53:05
237,3742,false,default
237,1843,true,2024-03-17 22:53:05
237,3764,false,default
237,2752,true,2024-02-03 22:53:05
237,348,true,2024-03-17 22:53:05
237,3300,false,default
238,305,false,default
238,726,true,2025-03-15 22:41:40
238,1530,false,default
238,267,false,default
239,358,true,2024-01-12 09:21:22
239,3538,true,2024-01-04 09:21:22
239,309,true,2023-11-29 09:21:22
239,40,true,2024-01-01 09:21:22
239,2962,true,2023-11-30 09:21:22
239,56,true,2023-11-26 09:21:22
240,3761,true,2024-05-26 15:45:28
240,3056,false,default
240,3796,false,default
240,333,false,default
240,761,false,default
241,1774,false,default
241,3243,false,default
241,2809,false,default
241,955,false,default
242,2937,false,default
242,326,false,default
242,1585,false,default
242,1313,false,default
242,2562,false,default
242,2169,false,default
243,3349,false,default
243,809,true,2024-08-09 19:51:09
243,2901,true,2024-08-06 19:51:09
243,2029,true,2024-07-31 19:51:09
243,2480,false,default
243,2893,false,default
244,758,true,2025-05-16 16:23:15
244,2080,true,2025-05-09 16:23:15
244,26,true,2025-06-25 16:23:15
245,776,true,2025-10-26 23:15:49
245,2868,false,default
245,508,true,2025-10-22 11:58:16
245,2879,true,2025-10-26 23:15:49
245,3120,true,2025-10-26 23:15:49
245,311,false,default
245,771,true,2025-10-26 23:15:49
245,767,true,2025-10-21 11:58:16
245,3476,true,2025-10-26 23:15:49
245,1317,true,2025-10-06 11:58:16
245,3098,true,2025-10-26 23:15:49
246,3090,true,2023-11-29 01:08:01
246,661,false,default
246,265,false,default
246,253,true,2024-01-06 01:08:01
246,258,true,2024-01-11 01:08:01
246,2024,true,2024-01-20 01:08:01
246,1410,false,default
247,3049,false,default
247,2763,false,default
247,362,false,default
247,1305,false,default
247,2410,false,default
247,3160,false,default
247,3754,false,default
247,3746,false,default
247,1481,false,default
247,2860,false,default
248,270,true,2024-05-28 18:15:54
248,2332,true,2024-06-01 18:15:54
248,1075,true,2024-06-04 18:15:54
248,2979,true,2024-07-01 18:15:54
248,3440,true,2024-06-04 18:15:54
248,1307,true,2024-05-26 18:15:54
248,1847,true,2024-07-04 18:15:54
248,1467,true,2024-06-25 18:15:54
248,3041,false,default
248,3322,false,default
248,1968,true,2024-06-29 18:15:54
248,1518,true,2024-05-31 18:15:54
249,1853,false,default
249,626,true,2025-08-09 09:30:21
249,582,true,2025-07-17 09:30:21
249,3023,true,2025-08-13 09:30:21
249,3075,false,default
249,1580,true,2025-09-05 09:30:21
249,1719,true,2025-09-07 09:30:21
249,3890,true,2025-08-28 09:30:21
249,101,true,2025-09-12 09:30:21
249,3578,false,default
250,2429,true,2024-02-01 21:40:16
250,3875,false,default
250,754,false,default
250,889,false,default
250,389,false,default
251,1110,false,default
251,1382,false,default
251,811,false,default
251,89,false,default
251,2038,true,2025-06-17 00:25:17
251,1607,false,default
251,649,false,default
251,1244,false,default
251,3399,true,2025-06-15 00:25:17
251,3498,false,default
252,2965,true,2024-05-23 10:56:36
252,2045,true,2024-05-21 10:56:36
252,1773,true,2024-06-10 10:56:36
252,1783,true,2024-05-03 10:56:36
252,3881,true,2024-05-16 10:56:36
252,3489,true,2024-05-21 10:56:36
252,655,true,2024-04-20 10:56:36
252,1997,false,default
252,2728,true,2024-05-09 10:56:36
252,245,true,2024-05-30 10:56:36
253,2583,true,2024-07-31 02:46:15
253,1273,false,default
253,2802,false,default
253,2534,false,default
253,1758,true,2024-07-01 02:46:15
254,1398,true,2024-12-07 05:49:38
254,2969,false,default
254,1530,false,default
254,3306,false,default
254,2821,false,default
254,3540,true,2024-12-05 05:49:38
254,525,true,2024-12-12 05:49:38
254,1514,true,2025-01-05 05:49:38
254,2316,false,default
254,1940,false,default
254,259,false,default
255,3697,true,2024-01-15 13:31:33
255,1281,true,2023-11-27 13:31:33
255,2597,true,2023-12-09 13:31:33
255,3751,true,2024-01-08 13:31:33
255,3694,true,2023-12-29 13:31:33
255,1951,true,2023-12-25 13:31:33
256,2429,true,2025-10-14 19:31:13
256,2497,true,2025-10-26 23:15:49
256,971,false,default
256,3332,true,2025-09-18 19:31:13
256,3358,true,2025-10-06 19:31:13
256,1021,true,2025-10-26 23:15:49
257,1318,true,2024-09-21 18:05:59
257,334,true,2024-10-16 18:05:59
257,2168,true,2024-09-09 18:05:59
257,2011,false,default
257,1896,true,2024-10-17 18:05:59
258,1491,true,2025-03-29 07:42:44
258,3473,false,default
258,3186,false,default
258,242,false,default
258,1941,false,default
258,1011,true,2025-03-31 07:42:44
258,915,false,default
259,2302,true,2025-04-26 09:15:20
259,599,true,2025-05-05 09:15:20
259,3210,false,default
259,1118,true,2025-03-22 09:15:20
259,1311,true,2025-04-12 09:15:20
259,1986,true,2025-04-30 09:15:20
259,1287,false,default
259,2478,false,default
259,3618,false,default
259,2197,true,2025-04-11 09:15:20
259,820,true,2025-03-28 09:15:20
259,3376,false,default
260,1541,true,2025-05-08 19:15:14
260,1733,true,2025-06-17 19:15:14
260,2870,true,2025-06-17 19:15:14
260,3353,true,2025-06-24 19:15:14
260,3493,true,2025-06-02 19:15:14
260,45,true,2025-05-12 19:15:14
261,3178,true,2025-08-22 00:50:49
261,3727,true,2025-09-24 00:50:49
261,605,true,2025-09-17 00:50:49
261,1830,true,2025-09-08 00:50:49
261,2564,false,default
261,1565,true,2025-08-28 00:50:49
261,2275,true,2025-08-20 00:50:49
261,643,true,2025-09-16 00:50:49
262,70,false,default
262,508,false,default
262,215,false,default
262,3555,true,2025-10-06 01:15:16
262,1338,true,2025-09-22 01:15:16
263,2254,true,2025-01-06 01:25:57
263,105,false,default
263,2576,true,2024-12-25 01:25:57
263,1779,true,2024-11-21 01:25:57
263,2648,true,2025-01-14 01:25:57
263,1327,true,2024-12-21 01:25:57
263,1621,true,2024-11-22 01:25:57
263,730,false,default
264,262,true,2023-12-29 12:17:03
264,3797,true,2023-12-19 12:17:03
264,279,true,2024-01-31 12:17:03
264,574,false,default
264,621,false,default
265,1386,true,2025-08-17 13:23:37
265,333,true,2025-09-03 13:23:37
265,1691,false,default
265,1408,true,2025-07-18 13:23:37
265,3076,true,2025-09-03 13:23:37
265,285,true,2025-07-26 13:23:37
265,2018,false,default
265,1641,false,default
266,473,true,2023-11-02 20:29:00
266,3125,false,default
266,3734,false,default
266,3559,false,default
266,1069,false,default
266,932,false,default
266,981,false,default
266,232,false,default
266,2641,true,2023-12-10 20:29:00
266,2800,false,default
267,174,false,default
267,173,true,2024-12-24 17:53:00
267,898,true,2024-12-28 17:53:00
267,3107,false,default
267,953,false,default
267,3892,true,2025-01-21 17:53:00
268,2090,false,default
268,3136,false,default
268,1187,false,default
268,2017,false,default
268,97,false,default
268,2743,false,default
268,2928,false,default
268,2856,false,default
268,1700,false,default
269,165,false,default
269,820,true,2025-09-02 11:30:06
269,2416,false,default
269,148,false,default
269,856,false,default
269,941,false,default
269,2387,false,default
269,2014,false,default
269,30,false,default
269,1432,false,default
269,2875,false,default
270,3681,true,2024-11-21 11:38:16
270,3396,true,2024-11-12 11:38:16
270,673,true,2024-11-20 11:38:16
270,1627,true,2024-12-27 11:38:16
270,872,true,2024-11-16 11:38:16
270,624,true,2024-11-25 11:38:16
270,2197,true,2024-11-07 11:38:16
270,31,true,2024-12-11 11:38:16
271,119,true,2024-04-06 00:05:09
271,1825,true,2024-04-18 00:05:09
271,2472,true,2024-04-14 00:05:09
271,2669,true,2024-03-03 00:05:09
271,2752,true,2024-03-02 00:05:09
271,2097,true,2024-04-07 00:05:09
271,3154,true,2024-03-26 00:05:09
272,3632,false,default
272,2430,true,2024-09-30 03:15:47
272,3350,false,default
272,1243,false,default
272,1479,false,default
272,1900,true,2024-10-20 03:15:47
272,223,true,2024-10-20 03:15:47
273,2094,false,default
273,98,true,2024-05-31 03:44:27
273,1270,true,2024-06-15 03:44:27
273,51,false,default
273,887,false,default
273,3398,false,default
273,742,true,2024-05-24 03:44:27
274,1601,true,2024-10-17 04:04:42
274,2466,true,2024-08-22 04:04:42
274,3088,true,2024-10-15 04:04:42
274,677,true,2024-08-23 04:04:42
274,3772,true,2024-09-30 04:04:42
274,2014,true,2024-08-25 04:04:42
274,1967,true,2024-10-15 04:04:42
274,2298,false,default
275,3810,false,default
275,1,true,2025-04-16 10:05:40
275,1243,true,2025-04-06 10:05:40
276,220,false,default
276,1508,false,default
276,882,false,default
276,2646,false,default
276,782,false,default
277,312,false,default
277,1147,true,2025-01-02 10:07:31
277,1711,true,2025-01-02 10:07:31
277,2678,true,2024-12-30 10:07:31
277,92,true,2024-12-25 10:07:31
277,1219,false,default
277,3156,false,default
277,144,false,default
277,3681,true,2025-01-01 10:07:31
278,3766,false,default
278,2608,false,default
278,3049,false,default
278,2793,false,default
278,3248,false,default
278,125,false,default
279,59,false,default
279,462,false,default
279,353,false,default
279,2969,false,default
279,962,true,2025-04-12 15:05:12
279,1865,false,default
279,3563,false,default
279,3631,false,default
279,2375,true,2025-03-27 15:05:12
279,2847,false,default
280,260,true,2023-12-27 18:03:16
280,2996,false,default
280,2834,true,2023-11-19 18:03:16
280,628,false,default
280,883,true,2024-01-03 18:03:16
280,267,false,default
280,1629,true,2024-01-10 18:03:16
280,2778,true,2023-12-02 18:03:16
280,1546,false,default
280,123,false,default
280,153,true,2023-12-30 18:03:16
280,2038,true,2023-12-03 18:03:16
281,3285,true,2024-11-16 21:17:41
281,1095,false,default
281,100,false,default
281,2750,false,default
281,1114,false,default
281,3572,false,default
281,771,true,2024-11-25 21:17:41
281,962,false,default
281,2825,false,default
281,1835,true,2024-11-12 21:17:41
282,3476,true,2024-07-19 01:38:22
282,3042,true,2024-08-07 01:38:22
282,194,true,2024-08-22 01:38:22
282,1174,true,2024-07-19 01:38:22
282,1492,true,2024-08-11 01:38:22
282,363,false,default
283,597,false,default
283,1314,false,default
283,3012,true,2025-07-02 20:23:16
283,2619,true,2025-06-10 20:23:16
283,1421,true,2025-07-13 20:23:16
283,1668,true,2025-06-21 20:23:16
283,713,false,default
283,2377,true,2025-07-31 20:23:16
283,1646,true,2025-06-13 20:23:16
283,1525,true,2025-06-26 20:23:16
283,1915,true,2025-08-03 20:23:16
284,1847,true,2024-10-20 17:48:46
284,3088,true,2024-10-17 17:48:46
284,2209,true,2024-10-02 17:48:46
284,3530,true,2024-09-04 17:48:46
284,2787,true,2024-10-18 17:48:46
284,673,true,2024-10-16 17:48:46
284,3645,false,default
284,176,true,2024-09-09 17:48:46
285,3373,true,2023-11-28 12:21:32
285,1717,false,default
285,3608,false,default
285,459,false,default
285,2054,false,default
285,2229,false,default
285,172,false,default
285,2129,false,default
285,426,false,default
286,3860,true,2024-01-20 22:46:58
286,675,true,2024-02-15 22:46:58
286,3030,true,2024-02-16 22:46:58
286,929,true,2024-02-04 22:46:58
286,2802,true,2024-01-15 22:46:58
286,2908,true,2024-02-28 22:46:58
286,3227,true,2024-02-19 22:46:58
286,1372,false,default
286,2004,true,2024-03-03 22:46:58
286,479,true,2024-02-23 22:46:58
286,1334,true,2024-01-18 22:46:58
287,2029,false,default
287,592,false,default
287,3752,false,default
288,991,false,default
288,3096,true,2025-06-25 22:52:05
288,1664,true,2025-05-22 22:52:05
288,1241,false,default
289,67,false,default
289,128,false,default
289,1212,false,default
289,496,false,default
289,849,false,default
289,761,false,default
290,1039,false,default
290,1854,false,default
290,488,false,default
290,1729,false,default
291,44,false,default
291,2859,false,default
291,2448,true,2025-09-02 04:16:35
291,1230,true,2025-08-31 04:16:35
291,1406,true,2025-07-27 04:16:35
291,1589,true,2025-09-06 04:16:35
291,1536,true,2025-08-25 04:16:35
291,854,true,2025-07-27 04:16:35
292,1440,false,default
292,128,true,2024-09-13 00:43:30
292,1048,false,default
292,2870,true,2024-10-06 00:43:30
292,1940,false,default
292,3528,true,2024-09-14 00:43:30
292,3268,true,2024-10-13 00:43:30
292,1572,true,2024-10-30 00:43:30
292,3084,false,default
292,2208,false,default
293,1033,true,2024-05-02 01:14:00
293,2228,true,2024-04-27 01:14:00
293,378,true,2024-05-20 01:14:00
293,340,false,default
294,2473,false,default
294,1923,true,2025-01-05 23:29:59
294,141,false,default
294,1323,false,default
294,1269,true,2024-12-16 23:29:59
294,2264,false,default
294,3184,false,default
294,2884,true,2024-12-10 23:29:59
295,3534,true,2024-02-02 07:49:06
295,2766,false,default
295,3199,true,2024-01-21 07:49:06
295,116,true,2024-02-17 07:49:06
295,3832,true,2024-02-09 07:49:06
296,2678,true,2025-09-05 10:03:29
296,2967,true,2025-08-16 10:03:29
296,200,true,2025-09-21 10:03:29
296,1038,true,2025-08-18 10:03:29
296,2399,false,default
296,482,true,2025-10-01 10:03:29
296,2860,true,2025-08-13 10:03:29
296,2117,true,2025-08-21 10:03:29
296,2012,true,2025-09-08 10:03:29
297,24,true,2025-03-10 12:59:20
297,1587,false,default
297,3178,true,2025-03-17 12:59:20
297,3050,false,default
297,3305,true,2025-04-20 12:59:20
297,2679,false,default
297,3709,false,default
297,724,false,default
297,3165,false,default
297,1544,false,default
298,937,true,2025-05-14 01:31:25
298,2924,false,default
298,1822,true,2025-05-08 01:31:25
298,3312,true,2025-04-21 01:31:25
298,2871,false,default
298,3884,false,default
298,3735,false,default
298,476,true,2025-03-26 01:31:25
298,416,false,default
298,674,true,2025-05-09 01:31:25
298,571,true,2025-04-27 01:31:25
298,541,true,2025-05-21 01:31:25
299,436,true,2024-05-06 15:55:09
299,1715,true,2024-05-13 15:55:09
299,1941,true,2024-06-08 15:55:09
299,138,true,2024-04-26 15:55:09
299,1143,true,2024-06-08 15:55:09
299,1788,true,2024-06-09 15:55:09
299,2283,true,2024-06-06 15:55:09
299,2876,true,2024-04-19 15:55:09
300,664,false,default
300,354,false,default
300,2337,false,default
300,766,false,default
301,2703,true,2024-04-05 05:38:56
301,2237,true,2024-05-03 05:38:56
301,1530,false,default
301,2283,true,2024-03-31 05:38:56
301,1078,false,default
301,1958,false,default
302,604,true,2025-01-07 22:57:18
302,1231,false,default
302,546,false,default
302,3059,false,default
302,2874,false,default
302,1601,false,default
303,462,false,default
303,2149,false,default
303,2728,false,default
304,1243,false,default
304,3607,false,default
304,3324,false,default
304,562,false,default
304,1309,false,default
304,3772,false,default
304,999,false,default
305,773,false,default
305,2720,true,2024-07-12 17:47:44
305,1945,true,2024-06-08 17:47:44
305,1960,false,default
305,1961,false,default
305,878,false,default
305,406,false,default
305,707,false,default
305,1589,true,2024-07-24 17:47:44
305,2266,false,default
306,3528,false,default
306,3116,false,default
306,279,false,default
306,1957,false,default
306,2103,false,default
306,298,true,2024-03-20 21:54:06
306,2319,true,2024-04-27 21:54:06
306,675,false,default
306,1012,false,default
306,2568,false,default
306,3086,false,default
307,245,true,2025-09-15 00:28:25
307,3082,true,2025-09-30 00:28:25
307,1769,true,2025-10-02 00:28:25
307,176,true,2025-08-22 00:28:25
307,3567,true,2025-09-24 00:28:25
307,1313,false,default
307,3198,true,2025-10-05 00:28:25
308,2519,true,2024-01-06 23:26:40
308,3889,true,2024-01-01 23:26:40
308,3238,false,default
308,2088,true,2023-12-17 23:26:40
308,3641,false,default
309,1773,false,default
309,2457,false,default
309,127,true,2024-07-05 01:06:01
309,1710,false,default
309,272,false,default
309,2301,false,default
309,348,false,default
309,2886,false,default
309,3653,false,default
309,3183,false,default
310,1137,false,default
310,1611,true,2025-07-04 10:55:13
310,1151,true,2025-08-07 10:55:13
311,1340,true,2023-12-01 09:09:02
311,3766,false,default
311,1263,true,2023-12-07 09:09:02
311,3504,true,2023-12-08 09:09:02
311,3886,true,2023-11-02 09:09:02
311,1925,false,default
311,2095,true,2023-11-14 09:09:02
311,1998,true,2023-12-08 09:09:02
311,1582,true,2023-11-15 09:09:02
311,3103,true,2023-12-27 09:09:02
311,3569,true,2023-11-15 09:09:02
312,1283,false,default
312,3797,true,2024-04-07 00:24:24
312,3711,true,2024-05-17 00:24:24
312,1328,false,default
312,3716,false,default
312,981,true,2024-04-16 00:24:24
312,2319,false,default
313,1686,true,2024-05-22 20:05:24
313,1141,true,2024-05-18 20:05:24
313,1081,true,2024-04-26 20:05:24
313,2449,true,2024-04-22 20:05:24
313,1737,true,2024-05-31 20:05:24
313,2744,true,2024-05-31 20:05:24
313,2700,true,2024-06-10 20:05:24
313,772,true,2024-05-03 20:05:24
313,3148,false,default
313,2512,true,2024-05-25 20:05:24
313,3648,true,2024-04-30 20:05:24
314,3236,true,2025-06-01 12:30:04
314,2595,false,default
314,3402,true,2025-06-06 12:30:04
314,1382,true,2025-06-21 12:30:04
314,750,false,default
314,3635,true,2025-05-24 12:30:04
315,2202,true,2024-11-26 10:23:53
315,1399,true,2024-12-11 10:23:53
315,600,false,default
315,1044,true,2024-11-06 10:23:53
315,2483,true,2024-11-21 10:23:53
315,296,false,default
315,1035,false,default
315,510,true,2024-11-25 10:23:53
315,1543,true,2024-11-15 10:23:53
315,3331,true,2024-11-01 10:23:53
315,2256,false,default
315,1611,false,default
316,1752,false,default
316,2573,false,default
316,2006,false,default
316,2439,false,default
316,443,false,default
316,1952,false,default
316,1791,false,default
317,490,true,2025-07-10 02:33:24
317,573,true,2025-07-01 02:33:24
317,742,false,default
317,504,false,default
317,1481,true,2025-08-12 02:33:24
317,3114,true,2025-06-29 02:33:24
317,3283,false,default
317,224,true,2025-08-21 02:33:24
317,169,false,default
318,164,false,default
318,3651,false,default
318,2705,false,default
318,2321,true,2024-09-27 08:22:17
318,246,true,2024-09-26 08:22:17
318,41,false,default
318,457,false,default
318,1383,false,default
318,2558,true,2024-09-26 08:22:17
319,2338,true,2024-10-22 04:36:18
319,3080,true,2024-11-22 04:36:18
319,1093,true,2024-12-03 04:36:18
319,3801,true,2024-11-25 04:36:18
319,2264,true,2024-11-03 04:36:18
319,1449,true,2024-12-07 04:36:18
319,3444,true,2024-11-17 04:36:18
319,969,false,default
319,622,true,2024-10-24 04:36:18
319,95,false,default
319,2268,true,2024-10-23 04:36:18
319,2393,false,default
320,1665,true,2024-01-10 08:13:11
320,906,true,2023-12-18 08:13:11
320,992,true,2023-12-26 08:13:11
320,1883,true,2024-01-05 08:13:11
320,2497,true,2024-01-23 08:13:11
320,679,true,2024-01-06 08:13:11
321,875,true,2024-03-18 23:49:17
321,952,false,default
321,412,true,2024-02-16 23:49:17
321,3471,true,2024-02-12 23:49:17
321,336,true,2024-03-26 23:49:17
321,1674,false,default
321,2919,true,2024-03-13 23:49:17
321,1820,true,2024-03-01 23:49:17
321,1813,true,2024-02-26 23:49:17
322,1320,false,default
322,85,true,2025-10-26 23:15:49
322,2045,true,2025-10-26 23:15:49
322,2079,false,default
322,2522,false,default
322,1589,false,default
322,3434,true,2025-10-26 23:15:49
322,1812,false,default
322,2485,true,2025-10-26 23:15:49
322,842,false,default
322,1528,true,2025-10-26 23:15:49
323,1019,true,2024-03-27 08:43:35
323,2929,false,default
323,1191,false,default
323,3681,true,2024-04-20 08:43:35
323,946,false,default
323,1555,true,2024-05-07 08:43:35
323,2460,true,2024-05-13 08:43:35
323,3596,false,default
323,1924,false,default
324,2342,true,2024-01-08 19:51:34
324,1414,true,2024-01-27 19:51:34
324,1473,true,2024-01-09 19:51:34
325,1792,false,default
325,1045,false,default
325,1427,true,2024-07-18 19:17:27
325,937,false,default
325,1103,false,default
325,1502,false,default
325,3734,false,default
325,1065,false,default
325,1961,false,default
326,2399,true,2024-08-15 16:00:04
326,2642,true,2024-09-24 16:00:04
326,2119,true,2024-10-07 16:00:04
326,2454,true,2024-08-20 16:00:04
326,2175,true,2024-08-15 16:00:04
326,3319,true,2024-09-18 16:00:04
327,1026,false,default
327,325,false,default
327,2152,false,default
327,3818,false,default
327,1046,false,default
327,1856,false,default
327,611,false,default
327,1201,false,default
327,581,false,default
327,3517,false,default
327,1786,false,default
328,939,true,2025-02-23 06:42:47
328,1678,false,default
328,1277,false,default
328,683,false,default
328,2133,false,default
328,274,false,default
328,950,true,2025-01-18 06:42:47
329,3208,true,2025-06-06 23:57:15
329,3213,true,2025-07-18 23:57:15
329,3572,true,2025-06-28 23:57:15
329,3551,true,2025-07-04 23:57:15
329,3857,true,2025-07-17 23:57:15
329,3036,false,default
329,721,true,2025-06-22 23:57:15
329,1181,true,2025-07-15 23:57:15
329,2245,false,default
329,1927,true,2025-06-10 23:57:15
329,3859,true,2025-06-08 23:57:15
329,1734,true,2025-07-03 23:57:15
330,3224,false,default
330,36,false,default
330,1334,true,2024-03-23 09:25:05
330,3504,false,default
330,704,false,default
331,1614,false,default
331,553,false,default
331,685,false,default
332,639,true,2025-02-22 14:05:10
332,3468,true,2025-02-08 14:05:10
332,542,true,2025-02-22 14:05:10
333,451,true,2025-08-18 13:17:28
333,2923,true,2025-09-05 13:17:28
333,1017,true,2025-09-16 13:17:28
333,664,true,2025-09-20 13:17:28
333,2622,true,2025-10-08 13:17:28
334,3090,true,2024-10-14 04:09:26
334,1618,true,2024-08-26 04:09:26
334,2255,true,2024-09-06 04:09:26
334,2218,true,2024-08-28 04:09:26
334,2975,true,2024-10-01 04:09:26
334,1655,true,2024-09-16 04:09:26
334,3641,true,2024-10-16 04:09:26
334,2151,true,2024-09-12 04:09:26
334,1912,true,2024-08-31 04:09:26
334,2652,true,2024-10-01 04:09:26
335,1540,false,default
335,1227,true,2025-10-26 23:15:49
335,1531,false,default
335,98,true,2025-10-09 19:53:53
335,1289,false,default
335,1996,true,2025-10-22 19:53:53
335,814,true,2025-10-20 19:53:53
335,3074,true,2025-10-19 19:53:53
335,66,true,2025-09-10 19:53:53
336,1002,false,default
336,583,true,2025-06-04 16:01:58
336,68,true,2025-07-07 16:01:58
336,3689,true,2025-05-25 16:01:58
336,931,true,2025-06-10 16:01:58
336,3702,true,2025-05-20 16:01:58
336,1799,true,2025-06-07 16:01:58
337,3882,false,default
337,597,false,default
337,3675,true,2024-08-26 03:46:00
338,1533,false,default
338,218,false,default
338,1436,true,2024-12-23 02:29:57
338,1906,true,2024-11-25 02:29:57
339,1205,true,2024-03-17 16:02:04
339,1454,true,2024-03-16 16:02:04
339,3364,true,2024-03-07 16:02:04
339,2100,true,2024-03-14 16:02:04
340,46,false,default
340,415,false,default
340,598,false,default
340,3049,false,default
340,2913,false,default
340,2301,false,default
340,1105,false,default
340,246,false,default
340,102,true,2025-06-24 11:28:37
340,2087,false,default
340,896,true,2025-06-02 11:28:37
341,1369,false,default
341,3271,true,2025-07-13 06:33:52
341,2511,false,default
341,1886,true,2025-06-27 06:33:52
341,1422,false,default
341,2547,true,2025-05-28 06:33:52
341,1338,true,2025-07-07 06:33:52
341,1168,true,2025-07-14 06:33:52
341,1508,true,2025-06-30 06:33:52
341,209,false,default
342,276,false,default
342,629,true,2025-07-28 08:28:04
342,3822,true,2025-07-17 08:28:04
342,3379,true,2025-07-05 08:28:04
342,1548,true,2025-07-05 08:28:04
342,1353,false,default
342,2706,false,default
342,2926,false,default
342,1802,true,2025-07-22 08:28:04
342,2997,true,2025-07-03 08:28:04
342,2960,true,2025-07-11 08:28:04
342,2602,true,2025-07-15 08:28:04
343,794,true,2025-07-05 00:10:11
343,1711,true,2025-07-20 00:10:11
343,3275,true,2025-08-18 00:10:11
343,3383,true,2025-07-01 00:10:11
343,3618,true,2025-08-19 00:10:11
343,622,true,2025-08-03 00:10:11
343,1749,true,2025-07-22 00:10:11
343,2241,true,2025-06-28 00:10:11
343,2328,true,2025-06-26 00:10:11
344,2527,false,default
344,2982,false,default
344,1525,true,2025-10-26 23:15:49
344,3485,false,default
344,1921,false,default
344,1058,true,2025-10-26 23:15:49
344,2364,true,2025-10-26 23:15:49
344,2288,false,default
344,2245,true,2025-10-23 15:18:14
344,3643,true,2025-10-26 23:15:49
345,927,false,default
345,3338,false,default
345,92,true,2025-06-25 01:23:03
345,1778,true,2025-06-04 01:23:03
345,1980,true,2025-05-13 01:23:03
345,1115,false,default
345,1345,false,default
346,3284,false,default
346,3536,true,2025-05-29 02:15:42
346,1056,true,2025-05-19 02:15:42
346,437,true,2025-05-17 02:15:42
346,3376,false,default
346,607,false,default
346,2274,false,default
346,916,true,2025-05-08 02:15:42
346,3460,false,default
346,3210,false,default
346,897,false,default
346,3608,false,default
347,1718,true,2025-10-20 12:16:13
347,2321,true,2025-10-26 23:15:49
347,1357,false,default
347,1226,true,2025-10-26 23:15:49
347,333,true,2025-10-12 12:16:13
347,994,true,2025-10-26 23:15:49
347,666,false,default
347,2553,true,2025-10-26 23:15:49
347,1971,false,default
348,966,false,default
348,1993,false,default
348,3601,true,2024-01-15 06:39:41
348,2015,true,2024-01-27 06:39:41
349,1174,true,2024-04-25 07:45:33
349,997,true,2024-04-25 07:45:33
349,2501,false,default
349,3296,false,default
349,676,false,default
349,1377,false,default
349,653,true,2024-06-09 07:45:33
349,2450,false,default
349,1340,false,default
350,2214,true,2025-06-28 06:33:31
350,1756,false,default
350,2018,false,default
351,9,false,default
351,1931,false,default
351,728,false,default
351,134,false,default
351,547,false,default
352,2781,true,2024-01-12 07:20:06
352,2809,true,2023-12-28 07:20:06
352,3761,false,default
352,3387,true,2023-12-24 07:20:06
352,2868,true,2024-01-28 07:20:06
352,1464,true,2023-12-27 07:20:06
352,2729,false,default
353,3365,false,default
353,3779,false,default
353,788,false,default
354,3376,true,2024-06-24 00:33:03
354,2009,false,default
354,441,true,2024-06-14 00:33:03
354,1095,false,default
354,2431,true,2024-06-10 00:33:03
355,3492,true,2024-07-01 02:06:06
355,1065,true,2024-06-18 02:06:06
355,645,true,2024-06-17 02:06:06
355,2636,true,2024-07-10 02:06:06
355,3179,true,2024-07-14 02:06:06
355,2867,true,2024-07-21 02:06:06
355,2109,true,2024-06-24 02:06:06
355,394,false,default
355,2034,true,2024-06-25 02:06:06
355,2485,true,2024-07-20 02:06:06
356,3470,true,2025-05-01 15:08:56
356,1267,true,2025-05-20 15:08:56
356,2729,true,2025-04-01 15:08:56
356,1338,true,2025-04-03 15:08:56
356,863,true,2025-03-31 15:08:56
356,986,true,2025-04-22 15:08:56
357,2961,false,default
357,301,false,default
357,1158,true,2025-05-17 06:10:01
357,3156,false,default
357,1363,false,default
358,1973,true,2024-10-26 23:47:06
358,1784,false,default
358,1679,true,2024-09-29 23:47:06
358,503,true,2024-10-10 23:47:06
358,3809,true,2024-09-01 23:47:06
358,2640,true,2024-09-22 23:47:06
359,785,true,2024-11-30 15:06:38
359,1414,false,default
359,271,true,2024-11-09 15:06:38
359,201,true,2024-11-07 15:06:38
359,129,false,default
360,1842,true,2025-01-12 08:09:52
360,545,true,2024-12-22 08:09:52
360,3342,true,2025-01-17 08:09:52
360,1340,false,default
360,3053,false,default
360,2898,false,default
360,1730,true,2025-02-11 08:09:52
360,2697,false,default
360,1290,true,2025-01-07 08:09:52
361,3622,false,default
361,575,false,default
361,984,false,default
361,2101,false,default
361,2474,false,default
362,3717,true,2024-02-27 11:42:18
362,829,false,default
362,2953,false,default
362,740,false,default
362,1712,false,default
362,158,true,2024-03-22 11:42:18
362,3158,false,default
362,38,false,default
362,2587,true,2024-04-10 11:42:18
362,1478,true,2024-04-13 11:42:18
363,865,false,default
363,606,false,default
363,1362,false,default
363,2787,true,2025-03-21 03:01:48
363,2698,false,default
363,3514,false,default
363,3017,true,2025-04-12 03:01:48
363,3048,false,default
363,2069,true,2025-04-09 03:01:48
363,1121,false,default
363,2175,false,default
364,2946,true,2024-01-25 08:56:37
364,2421,true,2024-01-28 08:56:37
364,2242,true,2024-01-08 08:56:37
365,2569,true,2025-08-09 00:05:52
365,3244,true,2025-07-02 00:05:52
365,258,true,2025-07-30 00:05:52
365,1944,true,2025-08-14 00:05:52
365,3398,true,2025-07-25 00:05:52
365,3598,true,2025-07-04 00:05:52
365,1710,true,2025-07-13 00:05:52
365,3806,true,2025-07-04 00:05:52
365,1899,true,2025-06-18 00:05:52
366,167,false,default
366,909,false,default
366,3365,false,default
366,1841,false,default
366,979,true,2025-01-01 04:25:49
366,1627,false,default
366,10,false,default
366,1762,false,default
366,196,true,2024-12-07 04:25:49
366,312,true,2025-01-07 04:25:49
366,3287,false,default
367,2035,false,default
367,2377,false,default
367,875,false,default
367,2188,false,default
367,2709,false,default
367,2263,false,default
367,1178,false,default
368,3792,false,default
368,1594,false,default
368,2297,true,2024-02-04 13:47:21
368,2973,false,default
369,821,true,2025-08-06 19:52:05
369,59,true,2025-09-08 19:52:05
369,2807,true,2025-08-03 19:52:05
369,1760,true,2025-08-16 19:52:05
369,327,true,2025-07-30 19:52:05
369,1347,true,2025-09-10 19:52:05
369,2650,true,2025-09-21 19:52:05
369,1006,true,2025-08-11 19:52:05
369,3878,false,default
369,1966,true,2025-08-12 19:52:05
369,85,true,2025-08-27 19:52:05
370,281,true,2025-06-23 22:15:03
370,313,true,2025-07-05 22:15:03
370,638,true,2025-07-02 22:15:03
370,3577,true,2025-06-10 22:15:03
370,498,true,2025-07-13 22:15:03
370,3495,true,2025-05-29 22:15:03
370,3839,true,2025-06-15 22:15:03
370,14,true,2025-07-13 22:15:03
370,982,false,default
370,271,true,2025-05-29 22:15:03
370,3190,true,2025-06-15 22:15:03
371,3304,true,2024-03-31 09:20:27
371,776,false,default
371,2234,false,default
371,3871,true,2024-03-30 09:20:27
371,1026,true,2024-04-11 09:20:27
372,3340,true,2024-03-07 00:16:17
372,2825,true,2024-03-05 00:16:17
372,2191,true,2024-02-13 00:16:17
372,796,false,default
372,1961,true,2024-01-23 00:16:17
373,870,false,default
373,687,false,default
373,779,true,2025-02-06 16:12:24
373,2544,true,2025-01-19 16:12:24
373,2612,false,default
373,1981,false,default
373,3169,false,default
373,2402,true,2025-01-08 16:12:24
373,3063,true,2025-02-22 16:12:24
373,2857,true,2024-12-29 16:12:24
373,275,true,2024-12-29 16:12:24
374,16,true,2025-02-08 21:22:47
374,2339,false,default
374,1456,false,default
374,71,false,default
374,2723,false,default
374,3826,true,2025-02-11 21:22:47
374,1526,false,default
374,2658,true,2025-03-28 21:22:47
374,1388,false,default
374,1703,false,default
375,2133,true,2024-01-20 02:10:12
375,2300,true,2024-02-21 02:10:12
375,3139,true,2024-03-04 02:10:12
375,478,true,2024-01-15 02:10:12
376,1279,true,2025-07-02 19:21:55
376,2200,false,default
376,3368,true,2025-08-07 19:21:55
376,1744,false,default
376,1202,false,default
376,160,true,2025-07-10 19:21:55
376,3518,false,default
376,437,false,default
377,1150,false,default
377,1393,false,default
377,3481,false,default
377,1688,false,default
377,305,true,2025-08-19 20:26:47
377,2175,false,default
377,1491,false,default
377,308,false,default
377,2041,true,2025-07-25 20:26:47
378,1343,true,2024-11-20 19:35:54
378,757,false,default
378,2916,true,2024-10-25 19:35:54
379,3489,true,2025-10-03 05:33:01
379,411,true,2025-09-27 05:33:01
379,1485,true,2025-09-17 05:33:01
379,465,true,2025-10-11 05:33:01
379,390,false,default
379,1083,true,2025-09-18 05:33:01
379,3146,true,2025-10-07 05:33:01
379,1368,false,default
379,1304,false,default
379,3639,true,2025-09-26 05:33:01
379,507,true,2025-09-16 05:33:01
379,749,true,2025-09-01 05:33:01
380,1219,true,2023-11-26 07:58:31
380,412,true,2023-12-24 07:58:31
380,3668,false,default
380,1654,true,2024-01-14 07:58:31
380,3082,true,2023-12-17 07:58:31
380,3813,true,2023-12-19 07:58:31
380,167,true,2023-12-28 07:58:31
380,1278,true,2023-11-30 07:58:31
380,3764,true,2023-12-10 07:58:31
380,3597,true,2023-12-04 07:58:31
380,1722,true,2023-12-31 07:58:31
381,336,true,2025-07-01 16:43:02
381,1369,false,default
381,690,false,default
381,759,true,2025-06-30 16:43:02
381,2657,false,default
381,3761,false,default
381,2331,false,default
381,2871,true,2025-05-24 16:43:02
381,3550,false,default
381,426,false,default
381,2584,false,default
382,3368,true,2024-02-20 01:10:34
382,3539,true,2024-02-24 01:10:34
382,2796,true,2024-02-04 01:10:34
382,2088,true,2024-01-23 01:10:34
382,978,true,2024-02-16 01:10:34
383,2732,false,default
383,1592,true,2024-07-15 00:54:31
383,789,true,2024-08-16 00:54:31
383,3380,true,2024-07-26 00:54:31
383,2162,false,default
383,1199,true,2024-07-07 00:54:31
384,2525,false,default
384,3507,false,default
384,3644,false,default
384,511,true,2024-05-11 13:59:52
384,2896,true,2024-05-18 13:59:52
384,1722,true,2024-06-05 13:59:52
384,1045,false,default
385,3059,true,2025-10-12 03:45:01
385,1037,false,default
385,2832,true,2025-10-26 23:15:49
385,526,true,2025-09-29 03:45:01
385,2362,false,default
385,756,false,default
385,3336,false,default
385,2625,false,default
385,2377,false,default
385,492,false,default
385,2749,false,default
385,1020,false,default
386,545,true,2025-05-04 09:58:43
386,894,false,default
386,1133,true,2025-03-27 09:58:43
386,462,true,2025-05-12 09:58:43
387,439,true,2025-01-11 18:13:08
387,1399,true,2025-01-06 18:13:08
387,846,true,2025-01-15 18:13:08
388,1332,false,default
388,1684,true,2025-03-03 05:43:49
388,1552,true,2025-02-01 05:43:49
388,2702,false,default
389,1595,false,default
389,1447,true,2023-12-03 03:11:04
389,771,false,default
389,3564,false,default
389,2728,false,default
390,1792,true,2024-09-02 04:35:55
390,201,true,2024-08-14 04:35:55
390,1033,false,default
390,13,false,default
390,1775,true,2024-10-02 04:35:55
390,1899,false,default
390,650,false,default
390,252,true,2024-08-25 04:35:55
390,3201,false,default
390,3642,false,default
391,1145,true,2025-06-09 16:03:33
391,726,false,default
391,1746,false,default
391,3151,true,2025-06-01 16:03:33
391,57,false,default
392,2639,false,default
392,919,true,2025-08-13 02:00:50
392,1841,true,2025-07-28 02:00:50
392,823,true,2025-08-11 02:00:50
392,2820,false,default
392,3539,false,default
392,1129,false,default
392,3439,true,2025-09-09 02:00:50
393,3200,false,default
393,961,false,default
393,2643,false,default
393,1991,false,default
393,1576,false,default
394,2088,false,default
394,2630,false,default
394,3826,true,2024-03-02 13:22:21
394,593,true,2024-03-13 13:22:21
394,450,true,2024-04-20 13:22:21
394,1097,true,2024-04-07 13:22:21
395,3058,false,default
395,1654,false,default
395,84,true,2024-11-09 07:37:59
395,258,true,2024-10-31 07:37:59
395,2324,false,default
395,3625,false,default
395,439,false,default
395,989,false,default
395,3682,true,2024-11-02 07:37:59
395,1159,true,2024-09-30 07:37:59
395,1033,false,default
396,1341,false,default
396,3148,false,default
396,2825,false,default
396,3153,false,default
396,2269,false,default
397,1398,true,2025-02-16 01:53:47
397,6,true,2025-03-06 01:53:47
397,1971,true,2025-03-12 01:53:47
397,793,true,2025-03-21 01:53:47
397,768,true,2025-02-22 01:53:47
397,445,true,2025-04-07 01:53:47
397,3001,true,2025-02-25 01:53:47
397,1255,true,2025-03-02 01:53:47
397,2953,true,2025-02-12 01:53:47
398,1931,true,2024-09-29 22:10:25
398,3109,true,2024-10-11 22:10:25
398,988,false,default
398,2182,false,default
398,1366,false,default
398,2020,true,2024-11-09 22:10:25
398,933,true,2024-09-17 22:10:25
398,1765,true,2024-09-28 22:10:25
399,2192,true,2025-04-20 10:14:19
399,3026,false,default
399,298,true,2025-06-17 10:14:19
399,421,true,2025-05-27 10:14:19
399,2790,false,default
399,2247,true,2025-05-16 10:14:19
399,1808,true,2025-04-27 10:14:19
399,2943,false,default
399,556,false,default
399,905,true,2025-05-07 10:14:19
400,3659,true,2024-11-15 17:58:59
400,857,false,default
400,383,true,2024-10-22 17:58:59
400,1396,true,2024-11-23 17:58:59
400,3783,false,default
400,970,true,2024-11-29 17:58:59
400,2506,false,default
400,487,true,2024-11-25 17:58:59
400,384,true,2024-11-27 17:58:59
400,3299,true,2024-10-12 17:58:59
400,1026,false,default
400,3241,false,default
401,3260,true,2023-12-20 22:52:01
401,1687,false,default
401,3636,false,default
401,1355,false,default
401,410,true,2024-01-06 22:52:01
401,364,false,default
401,2064,false,default
401,2388,false,default
401,940,false,default
401,3789,true,2023-12-15 22:52:01
402,2279,true,2025-01-18 14:47:36
402,2851,true,2024-12-04 14:47:36
402,673,true,2025-01-17 14:47:36
402,111,false,default
402,3027,true,2024-12-13 14:47:36
402,400,true,2024-12-14 14:47:36
402,2570,true,2025-01-23 14:47:36
402,2342,true,2024-12-15 14:47:36
403,1209,false,default
403,1888,false,default
403,251,false,default
403,2711,false,default
403,1842,true,2024-02-27 15:32:19
403,925,false,default
404,2973,false,default
404,3737,false,default
404,2966,false,default
405,2569,false,default
405,3099,false,default
405,3606,false,default
405,3118,true,2024-01-14 07:54:30
405,1228,false,default
405,3420,true,2024-02-18 07:54:30
406,1941,false,default
406,1549,false,default
406,32,true,2024-12-06 16:02:58
406,702,false,default
407,2804,false,default
407,3453,true,2025-10-07 13:16:21
407,3658,false,default
407,1722,false,default
407,445,false,default
407,348,false,default
407,3132,true,2025-09-24 13:16:21
407,646,false,default
407,868,false,default
407,300,false,default
407,630,false,default
408,2924,false,default
408,2131,false,default
408,2274,true,2025-06-30 01:21:59
408,3621,false,default
408,2774,true,2025-06-02 01:21:59
409,2183,false,default
409,2706,true,2024-04-02 22:29:22
409,2324,true,2024-04-05 22:29:22
409,884,true,2024-04-01 22:29:22
409,1840,true,2024-04-23 22:29:22
410,3270,true,2024-08-31 12:54:37
410,3162,false,default
410,3423,true,2024-08-25 12:54:37
410,83,true,2024-07-20 12:54:37
410,804,true,2024-09-07 12:54:37
410,1663,true,2024-07-15 12:54:37
411,2869,true,2024-06-02 04:03:27
411,2186,true,2024-06-24 04:03:27
411,3890,true,2024-05-13 04:03:27
411,3511,true,2024-06-19 04:03:27
411,464,false,default
411,2295,true,2024-05-07 04:03:27
412,2083,false,default
412,3516,false,default
412,2486,false,default
412,2227,false,default
412,3623,false,default
412,304,false,default
413,2263,false,default
413,343,false,default
413,1390,true,2024-12-15 10:40:22
413,2151,true,2025-01-28 10:40:22
413,2202,true,2024-12-18 10:40:22
413,384,true,2024-12-09 10:40:22
414,3483,true,2024-07-19 00:58:11
414,3433,true,2024-07-13 00:58:11
414,841,true,2024-06-14 00:58:11
414,573,true,2024-07-26 00:58:11
414,3289,true,2024-07-27 00:58:11
414,3236,true,2024-06-29 00:58:11
414,904,false,default
414,2863,true,2024-07-08 00:58:11
414,2607,false,default
415,1132,true,2024-06-13 23:55:20
415,3471,true,2024-06-28 23:55:20
415,1384,true,2024-06-18 23:55:20
415,123,true,2024-07-26 23:55:20
415,136,true,2024-07-25 23:55:20
416,339,true,2024-03-24 19:31:23
416,2818,false,default
416,780,false,default
416,1970,false,default
416,3299,false,default
416,403,false,default
416,1799,false,default
416,3210,false,default
416,3664,false,default
416,2208,false,default
416,2653,false,default
416,1522,false,default
417,2946,false,default
417,614,false,default
417,1448,false,default
417,1282,false,default
417,1553,false,default
417,2754,false,default
417,472,false,default
417,3256,false,default
417,3745,false,default
417,2065,false,default
417,2645,false,default
417,1188,false,default
418,653,false,default
418,349,false,default
418,2236,true,2025-06-06 20:03:33
418,3330,true,2025-06-08 20:03:33
418,606,true,2025-07-03 20:03:33
418,2460,false,default
418,2737,true,2025-06-24 20:03:33
419,720,true,2025-10-26 23:15:49
419,3377,false,default
419,3127,false,default
419,1184,false,default
420,166,true,2025-10-24 12:11:06
420,2078,true,2025-10-11 12:11:06
420,1781,true,2025-09-25 12:11:06
420,1915,true,2025-10-11 12:11:06
420,108,true,2025-09-17 12:11:06
420,181,true,2025-10-03 12:11:06
420,2455,false,default
420,201,true,2025-10-02 12:11:06
420,12,false,default
421,966,false,default
421,1692,false,default
421,612,false,default
421,3268,false,default
421,1104,true,2024-11-25 13:26:12
421,2096,false,default
421,934,false,default
421,1318,false,default
421,1514,false,default
421,2709,false,default
421,201,false,default
421,1500,false,default
422,1538,true,2024-07-26 18:53:54
422,2989,true,2024-07-28 18:53:54
422,172,false,default
422,2264,true,2024-08-08 18:53:54
422,2926,true,2024-08-20 18:53:54
423,1885,true,2024-10-24 00:04:29
423,2532,true,2024-09-24 00:04:29
423,1455,true,2024-09-15 00:04:29
423,3222,false,default
423,70,false,default
423,3164,true,2024-10-22 00:04:29
423,2558,false,default
423,3190,true,2024-10-02 00:04:29
423,2607,true,2024-09-06 00:04:29
423,3845,true,2024-10-25 00:04:29
423,3507,true,2024-10-04 00:04:29
423,3788,false,default
424,21,true,2024-05-14 14:30:24
424,1072,true,2024-06-17 14:30:24
424,2563,true,2024-05-09 14:30:24
424,3004,true,2024-05-14 14:30:24
424,1060,true,2024-06-18 14:30:24
424,3511,true,2024-05-30 14:30:24
424,2637,true,2024-06-13 14:30:24
424,727,true,2024-06-17 14:30:24
424,2243,true,2024-05-23 14:30:24
424,3885,true,2024-06-20 14:30:24
424,1941,true,2024-05-15 14:30:24
425,2643,true,2024-12-31 05:41:20
425,2743,true,2025-01-26 05:41:20
425,2732,true,2024-12-04 05:41:20
425,2993,false,default
425,1260,true,2025-01-23 05:41:20
425,1670,true,2024-12-26 05:41:20
425,1219,true,2024-12-20 05:41:20
425,650,false,default
425,85,true,2025-01-11 05:41:20
425,995,true,2024-12-26 05:41:20
425,3603,true,2024-12-12 05:41:20
426,3104,false,default
426,1191,false,default
426,3549,true,2023-12-03 20:14:57
426,3578,true,2023-12-12 20:14:57
426,174,true,2023-11-10 20:14:57
426,765,true,2023-11-17 20:14:57
426,1652,true,2023-11-11 20:14:57
426,3231,false,default
427,1925,false,default
427,1546,false,default
427,1261,false,default
428,3536,true,2025-04-16 22:47:09
428,1191,false,default
428,2102,false,default
428,2359,true,2025-04-08 22:47:09
428,3338,false,default
428,2173,true,2025-04-28 22:47:09
428,2070,false,default
428,3754,false,default
428,3761,true,2025-05-07 22:47:09
429,731,true,2025-05-03 05:30:33
429,3402,false,default
429,1129,true,2025-05-01 05:30:33
429,1359,false,default
429,2972,true,2025-06-15 05:30:33
429,550,true,2025-05-01 05:30:33
429,1908,true,2025-05-01 05:30:33
429,2499,false,default
429,3407,true,2025-06-05 05:30:33
429,2856,true,2025-06-09 05:30:33
429,253,true,2025-05-10 05:30:33
430,2156,true,2024-05-11 04:33:08
430,1056,true,2024-06-19 04:33:08
430,2405,true,2024-06-12 04:33:08
430,1291,true,2024-06-03 04:33:08
430,3619,true,2024-06-07 04:33:08
430,2904,true,2024-06-03 04:33:08
431,198,true,2024-01-08 17:39:25
431,2485,true,2024-01-03 17:39:25
431,814,true,2024-01-20 17:39:25
431,988,true,2024-02-05 17:39:25
432,161,false,default
432,3615,false,default
432,1666,true,2024-11-13 09:13:31
432,3502,false,default
432,143,false,default
432,2963,false,default
432,315,true,2024-10-26 09:13:31
432,344,true,2024-11-18 09:13:31
433,3191,true,2024-09-20 16:25:14
433,2264,true,2024-10-18 16:25:14
433,2951,false,default
433,3540,true,2024-09-21 16:25:14
433,2149,false,default
433,3653,true,2024-11-05 16:25:14
433,35,true,2024-10-21 16:25:14
433,44,false,default
433,3734,false,default
433,758,false,default
433,855,true,2024-10-16 16:25:14
434,2820,false,default
434,1546,true,2024-01-04 12:04:51
434,1368,false,default
435,2988,false,default
435,1162,false,default
435,3372,true,2025-07-08 06:28:51
435,2442,true,2025-07-19 06:28:51
435,491,false,default
435,2969,false,default
435,3719,true,2025-06-21 06:28:51
435,1702,false,default
435,3755,false,default
435,13,true,2025-06-07 06:28:51
436,1275,false,default
436,2473,false,default
436,291,false,default
437,2619,true,2024-01-03 03:56:05
437,3162,true,2024-01-14 03:56:05
437,2356,true,2024-01-22 03:56:05
437,1175,true,2024-01-19 03:56:05
438,2403,false,default
438,571,false,default
438,3099,false,default
438,1669,false,default
438,798,false,default
438,699,false,default
438,3339,false,default
438,2962,false,default
439,2485,false,default
439,2466,true,2024-10-14 04:58:46
439,2072,false,default
439,606,false,default
439,302,false,default
440,1384,false,default
440,1714,true,2024-09-05 13:20:21
440,315,true,2024-08-28 13:20:21
440,378,false,default
440,1046,true,2024-09-18 13:20:21
440,3825,true,2024-08-04 13:20:21
440,150,true,2024-09-24 13:20:21
441,3187,false,default
441,3245,false,default
441,1383,false,default
441,974,false,default
441,2017,false,default
441,3833,false,default
441,1620,false,default
441,1756,false,default
442,2128,false,default
442,2842,false,default
442,394,false,default
442,478,false,default
442,3058,false,default
442,528,false,default
442,1748,false,default
442,3197,false,default
442,3468,false,default
443,3867,false,default
443,791,false,default
443,3584,false,default
444,1480,false,default
444,1600,false,default
444,1630,true,2025-03-22 19:04:12
445,631,true,2025-02-03 14:34:14
445,2806,true,2025-02-08 14:34:14
445,1867,true,2025-03-18 14:34:14
446,3677,false,default
446,1395,false,default
446,1458,false,default
446,214,false,default
446,3349,true,2025-03-21 00:40:56
446,1761,true,2025-04-06 00:40:56
447,1989,false,default
447,2566,false,default
447,3472,false,default
447,1988,false,default
447,1739,false,default
447,3126,false,default
447,2300,false,default
447,2639,false,default
447,3697,true,2024-11-12 19:34:31
447,585,false,default
447,2545,false,default
447,864,false,default
448,3071,true,2025-04-21 17:02:12
448,166,true,2025-04-19 17:02:12
448,475,false,default
448,992,true,2025-04-15 17:02:12
448,1246,true,2025-04-30 17:02:12
448,3672,false,default
448,2272,false,default
449,3661,true,2025-02-26 23:09:02
449,2166,true,2025-01-24 23:09:02
449,560,true,2025-01-24 23:09:02
449,1669,true,2025-02-11 23:09:02
449,189,true,2025-01-17 23:09:02
449,869,true,2025-03-06 23:09:02
449,958,true,2025-01-07 23:09:02
449,2643,true,2025-02-20 23:09:02
449,1534,true,2025-02-03 23:09:02
449,2518,true,2025-01-22 23:09:02
449,2965,true,2025-02-12 23:09:02
450,3098,false,default
450,2449,false,default
450,2893,true,2024-07-14 12:08:50
450,2347,true,2024-08-18 12:08:50
450,2555,true,2024-07-31 12:08:50
451,2459,true,2025-01-14 20:44:06
451,3056,true,2025-01-17 20:44:06
451,2990,true,2025-01-28 20:44:06
451,2769,true,2025-02-01 20:44:06
451,2779,true,2024-12-21 20:44:06
451,3118,true,2024-12-20 20:44:06
451,3499,true,2025-02-03 20:44:06
451,1869,true,2024-12-21 20:44:06
451,368,true,2024-12-15 20:44:06
451,3642,true,2024-12-20 20:44:06
451,2139,true,2025-01-31 20:44:06
451,1211,true,2025-01-27 20:44:06
452,3198,true,2025-06-30 22:48:00
452,579,false,default
452,3180,false,default
452,1761,false,default
452,1656,true,2025-07-13 22:48:00
452,2310,false,default
453,635,true,2025-10-26 23:15:49
453,1631,true,2025-10-07 16:48:02
453,2623,true,2025-10-26 23:15:49
454,3070,false,default
454,885,false,default
454,1268,false,default
454,2301,false,default
454,3863,false,default
454,2968,true,2024-01-12 22:54:34
454,935,false,default
454,2130,false,default
454,2486,false,default
454,903,true,2023-12-17 22:54:34
455,2693,false,default
455,3675,false,default
455,2299,false,default
455,3101,false,default
455,72,false,default
455,3425,true,2025-10-26 23:15:49
455,3354,true,2025-10-26 23:15:49
455,1167,false,default
455,3392,false,default
455,13,false,default
455,3676,false,default
456,3696,false,default
456,2848,false,default
456,2320,false,default
456,2499,true,2025-10-26 23:15:49
457,1664,false,default
457,2419,true,2024-06-11 04:56:41
457,3126,false,default
458,2708,false,default
458,1090,true,2025-08-12 12:10:25
458,383,false,default
458,3210,true,2025-08-26 12:10:25
458,2256,true,2025-07-21 12:10:25
459,2302,false,default
459,1974,false,default
459,3313,false,default
459,1745,false,default
459,403,false,default
459,2753,false,default
460,3307,true,2024-11-04 06:33:40
460,2165,false,default
460,1285,false,default
460,2341,false,default
460,1380,false,default
461,1094,true,2023-12-23 11:06:46
461,1633,true,2023-11-10 11:06:46
461,2218,true,2023-11-30 11:06:46
461,611,true,2023-12-18 11:06:46
461,986,true,2023-11-14 11:06:46
461,2407,true,2023-10-31 11:06:46
462,2460,true,2025-01-31 04:21:23
462,1601,true,2025-03-18 04:21:23
462,3717,true,2025-03-13 04:21:23
463,828,true,2025-03-21 18:06:25
463,308,true,2025-04-03 18:06:25
463,333,true,2025-04-25 18:06:25
463,2738,true,2025-04-23 18:06:25
463,792,true,2025-03-20 18:06:25
463,3336,false,default
463,2507,true,2025-05-09 18:06:25
463,1372,true,2025-05-02 18:06:25
463,3374,true,2025-04-05 18:06:25
464,1671,true,2024-04-25 07:34:54
464,3169,true,2024-04-10 07:34:54
464,726,true,2024-04-24 07:34:54
465,2990,false,default
465,1509,false,default
465,904,false,default
465,2612,false,default
465,1147,false,default
466,3669,false,default
466,2029,false,default
466,1805,false,default
466,1814,false,default
466,2453,false,default
466,1154,false,default
466,1601,false,default
467,2926,false,default
467,3863,false,default
467,1840,false,default
467,3627,false,default
467,573,false,default
468,2751,true,2025-06-03 21:46:02
468,533,true,2025-06-03 21:46:02
468,2443,false,default
468,562,true,2025-05-01 21:46:02
468,1412,false,default
468,80,true,2025-04-16 21:46:02
468,2276,false,default
468,3272,true,2025-05-10 21:46:02
468,378,true,2025-06-13 21:46:02
469,2186,true,2025-07-23 07:28:55
469,1077,false,default
469,276,true,2025-06-24 07:28:55
469,800,true,2025-07-07 07:28:55
469,813,true,2025-08-17 07:28:55
469,831,true,2025-08-20 07:28:55
469,1860,true,2025-08-21 07:28:55
469,951,true,2025-07-04 07:28:55
469,366,true,2025-08-06 07:28:55
469,3839,true,2025-06-30 07:28:55
469,544,true,2025-06-29 07:28:55
470,2,false,default
470,1556,false,default
470,462,false,default
470,897,false,default
470,3074,false,default
470,1729,false,default
470,975,false,default
470,3380,true,2025-08-10 22:57:37
470,2103,false,default
470,2743,false,default
470,1302,false,default
470,543,true,2025-08-12 22:57:37
471,497,true,2023-12-10 17:47:39
471,780,false,default
471,894,true,2024-01-24 17:47:39
471,1833,false,default
471,305,true,2024-01-06 17:47:39
471,3652,true,2023-12-20 17:47:39
471,2736,true,2023-12-03 17:47:39
471,2234,true,2023-12-09 17:47:39
472,2091,false,default
472,177,false,default
472,3349,true,2024-05-27 17:20:36
472,388,true,2024-04-10 17:20:36
472,1767,false,default
472,1129,true,2024-04-29 17:20:36
472,1167,false,default
472,217,true,2024-05-04 17:20:36
472,969,false,default
473,3800,false,default
473,581,false,default
473,3708,true,2025-01-03 22:41:46
473,1898,false,default
473,3035,false,default
473,3240,false,default
473,2047,false,default
473,2734,false,default
473,2103,false,default
473,698,false,default
473,3749,false,default
474,2618,false,default
474,378,true,2024-04-25 18:46:11
474,3598,false,default
475,3389,false,default
475,748,true,2024-10-07 10:26:19
475,420,false,default
475,2574,true,2024-10-04 10:26:19
475,793,false,default
475,1070,true,2024-09-16 10:26:19
475,2128,true,2024-08-28 10:26:19
475,3812,true,2024-10-08 10:26:19
475,1720,true,2024-08-20 10:26:19
475,703,true,2024-10-06 10:26:19
475,2346,true,2024-09-14 10:26:19
475,2237,false,default
476,2792,true,2024-12-04 12:57:01
476,1305,true,2024-12-23 12:57:01
476,1673,true,2024-12-17 12:57:01
476,120,true,2024-12-10 12:57:01
476,1387,false,default
477,2608,true,2025-09-11 13:24:32
477,1756,true,2025-09-22 13:24:32
477,1650,true,2025-08-10 13:24:32
477,2789,true,2025-08-11 13:24:32
477,3798,true,2025-08-14 13:24:32
477,488,true,2025-09-09 13:24:32
477,1858,true,2025-08-22 13:24:32
477,1960,true,2025-08-20 13:24:32
477,2868,true,2025-09-12 13:24:32
477,251,true,2025-08-10 13:24:32
477,3527,true,2025-08-05 13:24:32
478,61,true,2024-04-17 20:19:30
478,3184,false,default
478,1373,true,2024-04-25 20:19:30
478,2209,false,default
478,1833,true,2024-05-05 20:19:30
478,3839,true,2024-03-18 20:19:30
478,430,true,2024-03-11 20:19:30
478,2813,false,default
478,1086,false,default
479,1341,false,default
479,2326,false,default
479,1630,false,default
479,1871,true,2024-11-25 14:12:28
479,3093,true,2024-12-07 14:12:28
479,2434,false,default
479,162,false,default
479,2284,false,default
479,2420,false,default
479,2189,false,default
479,3165,false,default
479,2793,false,default
480,1183,true,2024-10-16 19:41:26
480,3209,false,default
480,2240,true,2024-10-02 19:41:26
480,3556,true,2024-10-25 19:41:26
480,67,true,2024-09-22 19:41:26
480,649,true,2024-10-03 19:41:26
480,520,true,2024-11-09 19:41:26
480,3655,false,default
480,3763,true,2024-10-22 19:41:26
480,155,true,2024-10-05 19:41:26
480,3486,false,default
480,1356,false,default
481,2268,true,2024-04-23 07:23:46
481,2579,true,2024-04-26 07:23:46
481,271,false,default
481,2652,false,default
481,345,true,2024-04-22 07:23:46
481,1162,true,2024-04-28 07:23:46
481,1421,true,2024-04-10 07:23:46
481,1851,true,2024-05-02 07:23:46
481,2565,true,2024-05-17 07:23:46
481,2236,false,default
481,2079,true,2024-05-10 07:23:46
481,1876,false,default
482,3826,false,default
482,2522,false,default
482,1852,false,default
482,1126,false,default
482,1559,false,default
483,261,true,2025-05-10 12:18:09
483,2947,true,2025-04-15 12:18:09
483,2572,true,2025-05-30 12:18:09
483,2719,true,2025-05-15 12:18:09
484,2072,true,2024-03-04 06:28:25
484,2037,false,default
484,2944,false,default
484,3464,true,2024-02-03 06:28:25
484,631,false,default
484,3429,true,2024-03-06 06:28:25
484,3417,false,default
484,531,true,2024-03-03 06:28:25
484,1312,true,2024-03-13 06:28:25
484,2115,false,default
484,2363,true,2024-02-07 06:28:25
484,804,false,default
485,2849,false,default
485,1104,false,default
485,3617,false,default
485,123,false,default
485,2718,false,default
485,3665,false,default
485,3555,false,default
485,1477,false,default
486,2981,false,default
486,2538,true,2024-01-19 10:14:44
486,1360,true,2023-12-19 10:14:44
486,2809,false,default
486,1871,true,2023-12-13 10:14:44
486,2332,false,default
486,157,true,2023-12-12 10:14:44
486,126,true,2023-12-07 10:14:44
486,2757,true,2024-01-24 10:14:44
487,1887,false,default
487,2432,false,default
487,1615,true,2024-10-15 08:19:36
487,804,true,2024-10-17 08:19:36
487,575,true,2024-09-06 08:19:36
487,1446,false,default
487,3386,true,2024-10-17 08:19:36
487,3340,false,default
487,2505,false,default
487,1205,true,2024-09-04 08:19:36
487,761,true,2024-09-26 08:19:36
488,1394,false,default
488,1659,false,default
488,674,false,default
488,1068,false,default
488,327,false,default
488,2804,true,2024-10-07 20:02:39
488,2788,false,default
488,3752,false,default
488,1343,false,default
488,765,false,default
488,2184,false,default
488,3120,false,default
489,3744,false,default
489,3871,false,default
489,1407,false,default
489,1594,true,2024-04-02 04:36:54
489,687,false,default
489,2358,false,default
489,704,false,default
489,1654,false,default
489,3876,false,default
489,2414,true,2024-04-14 04:36:54
490,2812,true,2025-02-18 21:18:52
490,1516,true,2025-02-12 21:18:52
490,419,true,2025-01-18 21:18:52
490,916,true,2025-02-21 21:18:52
490,3525,true,2025-01-16 21:18:52
490,3849,true,2025-01-14 21:18:52
490,2067,true,2024-12-31 21:18:52
490,436,true,2025-01-12 21:18:52
490,2294,true,2025-01-19 21:18:52
490,2911,true,2025-02-09 21:18:52
490,1603,true,2025-02-08 21:18:52
490,1513,true,2025-01-07 21:18:52
491,306,true,2024-01-05 23:02:49
491,3795,false,default
491,3410,true,2023-12-30 23:02:49
491,464,true,2023-12-16 23:02:49
491,3744,true,2023-12-31 23:02:49
491,1972,true,2023-12-29 23:02:49
491,2454,true,2024-01-09 23:02:49
491,1984,true,2023-12-17 23:02:49
491,676,true,2023-12-31 23:02:49
491,193,true,2024-02-01 23:02:49
491,816,false,default
492,440,false,default
492,888,false,default
492,2986,false,default
492,711,true,2025-10-26 20:10:53
492,1500,false,default
492,2537,true,2025-10-05 20:10:53
492,3630,true,2025-09-08 20:10:53
492,879,false,default
493,1746,true,2024-04-16 19:43:03
493,1833,true,2024-04-17 19:43:03
493,3488,true,2024-03-03 19:43:03
493,1300,true,2024-02-29 19:43:03
493,188,true,2024-04-16 19:43:03
493,66,true,2024-03-20 19:43:03
494,1569,false,default
494,2522,false,default
494,2168,true,2025-08-29 18:50:32
494,3883,true,2025-10-03 18:50:32
494,500,true,2025-10-11 18:50:32
495,28,false,default
495,1113,true,2023-11-19 15:47:51
495,1479,true,2024-01-04 15:47:51
495,532,false,default
495,963,true,2023-11-17 15:47:51
496,3315,true,2025-06-18 15:07:29
496,3740,true,2025-07-11 15:07:29
496,3316,true,2025-07-25 15:07:29
496,3178,true,2025-07-01 15:07:29
496,1754,true,2025-07-12 15:07:29
496,1705,true,2025-07-01 15:07:29
496,240,true,2025-07-27 15:07:29
496,1329,true,2025-08-06 15:07:29
497,3002,true,2024-02-24 11:56:40
497,2410,false,default
497,1729,true,2024-01-31 11:56:40
497,1490,false,default
497,3263,true,2024-02-11 11:56:40
497,3551,true,2024-03-02 11:56:40
497,1300,true,2024-03-21 11:56:40
498,3328,false,default
498,2840,false,default
498,1754,false,default
498,1362,false,default
499,3820,true,2024-02-19 18:51:25
499,3486,false,default
499,26,false,default
500,1526,true,2025-07-28 06:00:55
500,2619,true,2025-07-21 06:00:55
500,941,false,default
500,2402,false,default
500,2652,false,default
501,3558,true,2024-10-13 21:14:15
501,1300,true,2024-10-22 21:14:15
501,284,false,default
501,854,false,default
502,2595,false,default
502,2593,false,default
502,1744,true,2024-08-05 16:33:46
503,412,true,2024-03-10 07:16:32
503,1163,true,2024-04-02 07:16:32
503,1243,true,2024-03-23 07:16:32
503,1165,true,2024-04-07 07:16:32
503,3487,true,2024-02-22 07:16:32
504,3682,true,2025-06-18 00:06:02
504,2611,true,2025-06-13 00:06:02
504,3232,true,2025-06-04 00:06:02
504,1807,true,2025-07-03 00:06:02
504,2947,true,2025-06-13 00:06:02
504,3889,false,default
504,1199,true,2025-07-21 00:06:02
504,2635,false,default
504,1693,true,2025-07-22 00:06:02
505,2226,true,2025-06-13 04:38:24
505,3309,true,2025-05-15 04:38:24
505,3344,true,2025-07-01 04:38:24
505,434,true,2025-06-28 04:38:24
505,3019,true,2025-06-16 04:38:24
506,2557,true,2024-08-18 12:42:14
506,380,true,2024-06-28 12:42:14
506,242,false,default
507,1702,false,default
507,1075,false,default
507,2006,true,2024-07-13 09:53:22
507,656,false,default
507,836,false,default
507,2940,false,default
507,2265,true,2024-07-25 09:53:22
507,1898,true,2024-06-15 09:53:22
507,1414,false,default
507,100,false,default
507,2182,false,default
508,3224,false,default
508,741,false,default
508,3686,false,default
508,1434,false,default
508,1967,true,2023-12-13 19:21:21
508,1902,false,default
508,1315,false,default
508,1067,false,default
508,3060,true,2023-11-21 19:21:21
508,1488,false,default
509,3534,false,default
509,2340,false,default
509,3859,false,default
509,134,false,default
509,1333,false,default
509,584,false,default
509,2534,true,2024-09-11 18:53:24
509,370,true,2024-08-27 18:53:24
509,2093,false,default
510,2989,false,default
510,419,true,2025-01-19 22:01:22
510,1608,true,2025-02-02 22:01:22
510,218,false,default
510,2251,false,default
510,3560,false,default
510,745,false,default
510,2943,true,2025-01-03 22:01:22
510,1801,false,default
510,496,false,default
510,2644,false,default
511,3225,false,default
511,2938,true,2024-12-21 18:11:31
511,2984,false,default
511,890,false,default
511,3793,true,2024-12-27 18:11:31
511,2313,true,2024-10-30 18:11:31
512,707,false,default
512,636,true,2025-10-24 17:29:59
512,2362,false,default
512,2322,false,default
512,3726,false,default
512,2519,false,default
512,877,true,2025-10-26 23:15:49
512,3036,false,default
513,2693,false,default
513,3498,true,2024-12-18 04:08:49
513,2397,true,2024-11-19 04:08:49
513,309,true,2024-12-24 04:08:49
513,2623,false,default
513,1242,true,2024-12-10 04:08:49
513,968,false,default
513,2266,false,default
513,2256,true,2024-12-28 04:08:49
514,1312,false,default
514,2278,false,default
514,3849,true,2024-02-15 17:45:05
514,1262,true,2024-01-20 17:45:05
514,1093,false,default
514,1712,false,default
514,501,false,default
514,2004,true,2024-01-13 17:45:05
514,2969,false,default
514,2641,false,default
514,1897,false,default
515,2339,false,default
515,1363,false,default
515,1070,false,default
515,3545,false,default
515,1040,false,default
515,2366,false,default
516,2931,true,2025-08-21 23:46:30
516,2970,true,2025-09-08 23:46:30
516,478,true,2025-09-02 23:46:30
516,740,true,2025-09-29 23:46:30
516,3659,true,2025-10-14 23:46:30
516,1831,false,default
516,2473,true,2025-09-25 23:46:30
516,3379,true,2025-09-16 23:46:30
516,3474,true,2025-10-05 23:46:30
516,3526,true,2025-09-20 23:46:30
517,878,false,default
517,2009,false,default
517,2900,false,default
517,3668,false,default
517,3349,false,default
517,1339,false,default
517,567,false,default
517,2374,false,default
517,2287,true,2024-01-07 16:41:47
517,3875,false,default
518,116,false,default
518,3328,true,2025-03-26 18:33:06
518,2766,false,default
518,3084,false,default
518,404,false,default
519,2987,true,2024-04-28 00:46:56
519,3239,false,default
519,2975,true,2024-04-20 00:46:56
519,3535,true,2024-05-03 00:46:56
519,223,true,2024-04-06 00:46:56
519,2245,true,2024-04-10 00:46:56
519,772,false,default
519,710,true,2024-04-09 00:46:56
520,1796,true,2025-05-30 14:49:40
520,1431,false,default
520,2801,true,2025-05-19 14:49:40
520,863,true,2025-06-04 14:49:40
520,2840,true,2025-06-06 14:49:40
520,3031,true,2025-06-02 14:49:40
520,2958,true,2025-07-16 14:49:40
520,2888,true,2025-06-11 14:49:40
520,3599,true,2025-06-28 14:49:40
520,1525,true,2025-05-23 14:49:40
520,2734,false,default
521,2351,true,2023-12-21 05:55:05
521,1314,true,2023-12-14 05:55:05
521,449,true,2024-01-01 05:55:05
521,1886,true,2023-12-19 05:55:05
521,273,true,2024-01-12 05:55:05
521,1421,true,2024-01-26 05:55:05
521,3421,true,2024-01-18 05:55:05
521,3571,true,2024-01-03 05:55:05
521,668,true,2023-12-14 05:55:05
521,861,true,2023-12-05 05:55:05
521,3572,true,2024-01-10 05:55:05
521,2982,true,2024-01-23 05:55:05
522,2362,false,default
522,1703,false,default
522,1926,false,default
522,339,false,default
522,862,false,default
522,2814,false,default
523,381,false,default
523,2494,true,2025-09-02 00:59:06
523,472,true,2025-08-28 00:59:06
523,595,false,default
523,1630,false,default
523,199,true,2025-09-01 00:59:06
523,2594,true,2025-10-02 00:59:06
523,619,true,2025-10-13 00:59:06
523,2998,true,2025-10-11 00:59:06
523,622,true,2025-10-07 00:59:06
523,474,false,default
523,849,false,default
524,462,false,default
524,1568,false,default
524,1650,false,default
524,429,false,default
525,172,false,default
525,496,false,default
525,2530,false,default
525,2956,true,2024-12-11 19:20:38
525,131,false,default
526,3113,true,2024-01-27 02:22:23
526,1793,true,2024-02-17 02:22:23
526,3820,true,2024-01-14 02:22:23
526,1019,true,2024-02-25 02:22:23
526,811,true,2024-01-25 02:22:23
526,3791,true,2024-02-12 02:22:23
526,2552,true,2024-02-24 02:22:23
526,3059,true,2024-03-10 02:22:23
527,613,false,default
527,3131,false,default
527,3216,true,2024-06-13 07:20:04
527,1156,false,default
527,722,false,default
527,412,false,default
527,370,false,default
528,1618,true,2025-06-06 07:27:36
528,2562,true,2025-06-30 07:27:36
528,2150,true,2025-06-08 07:27:36
528,576,true,2025-07-07 07:27:36
528,3777,true,2025-07-04 07:27:36
528,1381,false,default
528,3522,true,2025-05-19 07:27:36
528,36,true,2025-07-05 07:27:36
528,2362,true,2025-07-01 07:27:36
528,2724,true,2025-07-01 07:27:36
528,1338,true,2025-06-25 07:27:36
529,2932,false,default
529,2732,false,default
529,2331,true,2024-04-01 22:22:52
530,2390,true,2025-10-10 18:08:46
530,2034,true,2025-10-05 18:08:46
530,3374,true,2025-10-20 18:08:46
530,70,true,2025-10-26 23:15:49
530,3180,true,2025-10-15 18:08:46
531,2211,true,2024-06-14 20:38:37
531,1502,true,2024-04-19 20:38:37
531,1587,true,2024-05-13 20:38:37
531,1258,true,2024-04-23 20:38:37
531,3124,false,default
531,3785,false,default
531,534,false,default
531,869,false,default
531,3467,false,default
531,111,true,2024-05-09 20:38:37
531,1063,false,default
532,1964,false,default
532,946,true,2025-05-13 15:42:35
532,2284,false,default
532,2027,false,default
532,1139,false,default
532,248,false,default
532,682,false,default
532,2454,false,default
532,2538,false,default
532,252,false,default
532,1815,false,default
532,2945,true,2025-05-13 15:42:35
533,1689,false,default
533,935,false,default
533,533,false,default
533,519,false,default
533,3523,false,default
533,1153,false,default
533,2176,false,default
533,2663,false,default
533,3872,false,default
533,3691,false,default
533,439,false,default
533,1403,false,default
534,3540,false,default
534,650,false,default
534,3391,true,2025-08-22 07:17:05
534,3599,true,2025-09-04 07:17:05
534,2804,false,default
534,2588,true,2025-08-23 07:17:05
534,2630,true,2025-08-27 07:17:05
534,32,false,default
535,3720,false,default
535,3708,true,2024-04-16 20:25:07
535,1662,true,2024-04-20 20:25:07
536,1520,false,default
536,1814,false,default
536,2418,true,2025-08-12 18:58:13
536,2774,false,default
536,3189,false,default
536,1426,false,default
536,1524,false,default
537,1030,false,default
537,1965,false,default
537,3448,true,2024-05-21 11:12:55
537,436,false,default
537,561,false,default
538,453,false,default
538,181,false,default
538,2274,false,default
538,244,false,default
538,3151,false,default
538,486,false,default
538,3266,false,default
538,3210,false,default
538,2107,false,default
539,849,false,default
539,110,false,default
539,3302,false,default
539,3734,false,default
540,942,true,2024-07-23 11:53:44
540,412,false,default
540,1841,true,2024-07-18 11:53:44
540,1633,true,2024-07-14 11:53:44
540,1132,true,2024-06-25 11:53:44
540,3128,true,2024-06-30 11:53:44
540,3864,true,2024-06-08 11:53:44
540,369,true,2024-06-11 11:53:44
540,2003,true,2024-07-09 11:53:44
541,1404,false,default
541,2885,false,default
541,250,false,default
542,801,false,default
542,2083,false,default
542,174,false,default
542,1674,true,2025-10-15 10:57:21
542,1856,false,default
542,417,false,default
542,1010,false,default
542,221,false,default
542,1893,false,default
542,2919,false,default
543,3331,false,default
543,3565,false,default
543,1179,false,default
543,1480,false,default
544,2016,false,default
544,1230,false,default
544,818,true,2025-04-03 05:17:38
544,3282,false,default
544,1641,false,default
544,717,true,2025-04-24 05:17:38
544,468,true,2025-04-02 05:17:38
544,2884,false,default
544,806,false,default
544,102,true,2025-04-12 05:17:38
544,72,false,default
545,1745,true,2023-12-16 21:58:35
545,2882,true,2023-12-03 21:58:35
545,1760,true,2023-11-18 21:58:35
545,2442,false,default
545,1040,true,2023-12-30 21:58:35
545,2033,true,2023-12-29 21:58:35
545,122,true,2024-01-05 21:58:35
545,838,true,2023-12-06 21:58:35
546,3644,true,2024-02-24 00:57:57
546,1613,true,2024-02-25 00:57:57
546,1790,false,default
546,3372,true,2024-02-26 00:57:57
546,610,true,2024-03-11 00:57:57
546,324,true,2024-03-19 00:57:57
546,1447,true,2024-03-20 00:57:57
547,1273,true,2025-07-15 13:24:53
547,1354,false,default
547,2568,false,default
547,2414,false,default
547,103,false,default
547,3093,false,default
547,278,false,default
547,3257,false,default
547,478,false,default
548,2731,true,2024-07-07 15:03:46
548,1915,true,2024-07-10 15:03:46
548,510,true,2024-05-30 15:03:46
548,3744,false,default
548,1034,true,2024-06-15 15:03:46
548,153,false,default
548,81,false,default
548,3068,false,default
548,2684,true,2024-07-15 15:03:46
548,1076,true,2024-06-06 15:03:46
548,2399,false,default
548,967,true,2024-05-28 15:03:46
549,3309,false,default
549,2416,false,default
549,1220,false,default
549,2649,false,default
549,3401,false,default
549,2450,false,default
549,3366,false,default
550,3209,false,default
550,2483,true,2025-05-18 03:48:53
550,2168,false,default
550,2019,true,2025-05-15 03:48:53
550,2617,false,default
550,917,true,2025-05-27 03:48:53
550,2655,true,2025-04-28 03:48:53
550,267,true,2025-04-16 03:48:53
550,814,false,default
550,1898,true,2025-05-06 03:48:53
551,609,false,default
551,886,false,default
551,1987,false,default
551,1175,true,2024-06-02 05:42:30
551,202,false,default
551,1966,false,default
551,2339,false,default
551,1091,false,default
551,1017,false,default
552,1790,false,default
552,750,false,default
552,864,true,2024-09-19 07:43:24
552,3019,false,default
552,2822,true,2024-09-18 07:43:24
553,1828,true,2025-06-30 00:50:55
553,3306,true,2025-07-12 00:50:55
553,61,true,2025-07-28 00:50:55
553,275,true,2025-07-02 00:50:55
554,3358,true,2025-04-27 10:46:15
554,3704,true,2025-05-05 10:46:15
554,2215,false,default
554,3459,false,default
554,703,true,2025-05-25 10:46:15
554,433,false,default
554,365,true,2025-05-26 10:46:15
554,1683,false,default
554,225,true,2025-05-30 10:46:15
554,3445,true,2025-05-21 10:46:15
554,649,true,2025-05-18 10:46:15
555,2067,true,2025-05-02 19:54:52
555,3625,false,default
555,3196,true,2025-03-29 19:54:52
555,2395,false,default
555,1838,true,2025-04-30 19:54:52
555,3690,true,2025-03-20 19:54:52
555,601,true,2025-03-23 19:54:52
555,3676,true,2025-04-07 19:54:52
555,459,true,2025-03-12 19:54:52
555,343,true,2025-03-14 19:54:52
555,1821,true,2025-04-21 19:54:52
556,3879,false,default
556,3606,true,2024-05-28 02:34:54
556,3619,true,2024-05-19 02:34:54
556,1459,true,2024-05-24 02:34:54
557,253,false,default
557,3326,true,2025-10-03 20:28:28
557,106,false,default
558,1943,true,2025-03-05 21:40:19
558,1312,true,2025-01-23 21:40:19
558,1939,true,2025-02-04 21:40:19
559,1227,false,default
559,2440,false,default
559,1652,false,default
559,375,false,default
559,3132,false,default
559,2655,false,default
559,2737,false,default
559,345,true,2025-07-30 01:11:44
559,3827,false,default
559,647,false,default
559,2093,false,default
559,3650,false,default
560,3242,true,2025-08-27 14:09:15
560,678,false,default
560,2458,false,default
560,2747,false,default
560,1735,false,default
560,2293,false,default
560,3703,true,2025-08-12 14:09:15
560,2068,true,2025-09-16 14:09:15
560,617,false,default
560,1898,true,2025-09-01 14:09:15
560,2975,false,default
560,3081,false,default
561,483,true,2023-11-07 10:16:02
561,1060,true,2023-12-06 10:16:02
561,3706,true,2024-01-01 10:16:02
561,3238,true,2023-12-10 10:16:02
561,363,true,2023-12-16 10:16:02
561,3237,false,default
562,1997,false,default
562,1164,false,default
562,2762,false,default
562,3661,false,default
562,3312,true,2023-12-02 12:14:32
562,2831,false,default
563,2961,false,default
563,1546,false,default
563,1451,false,default
563,439,true,2024-02-17 14:22:21
563,3191,true,2024-02-20 14:22:21
563,3814,false,default
564,1200,false,default
564,2622,false,default
564,186,false,default
564,3625,false,default
564,2478,true,2023-12-07 03:33:05
564,3794,false,default
564,1728,true,2023-12-17 03:33:05
564,2876,false,default
564,2621,false,default
565,1085,true,2024-09-30 00:37:20
565,3833,false,default
565,2506,true,2024-09-02 00:37:20
565,1759,true,2024-09-11 00:37:20
565,105,true,2024-10-07 00:37:20
565,1089,true,2024-09-23 00:37:20
566,584,false,default
566,655,true,2025-06-26 04:17:42
566,3824,true,2025-07-13 04:17:42
566,1457,true,2025-07-13 04:17:42
567,2059,false,default
567,2351,false,default
567,3234,false,default
567,3190,false,default
567,910,false,default
568,2182,true,2025-04-18 07:14:01
568,2854,true,2025-04-03 07:14:01
568,2056,true,2025-03-29 07:14:01
568,934,true,2025-04-08 07:14:01
568,2516,false,default
568,169,true,2025-04-06 07:14:01
568,3606,true,2025-03-05 07:14:01
569,2553,false,default
569,3413,false,default
569,260,false,default
569,366,false,default
569,1229,false,default
569,303,false,default
569,879,false,default
569,3399,false,default
569,463,false,default
570,2969,true,2024-10-01 12:19:34
570,1017,true,2024-11-26 12:19:34
570,1466,true,2024-10-15 12:19:34
570,2709,true,2024-10-19 12:19:34
570,3095,true,2024-11-03 12:19:34
570,2457,true,2024-10-31 12:19:34
570,2622,true,2024-10-05 12:19:34
570,3338,true,2024-10-24 12:19:34
570,669,true,2024-10-20 12:19:34
570,3362,true,2024-11-17 12:19:34
570,3577,true,2024-11-21 12:19:34
570,838,true,2024-11-12 12:19:34
571,1476,false,default
571,3713,true,2024-03-13 09:17:06
571,1141,false,default
572,511,true,2024-09-12 21:38:48
572,2525,true,2024-08-17 21:38:48
572,399,false,default
572,1757,false,default
572,1303,false,default
573,3227,false,default
573,2324,false,default
573,1706,false,default
573,1647,false,default
573,3462,false,default
573,259,false,default
573,1926,false,default
574,3164,true,2024-05-25 10:36:02
574,2113,false,default
574,520,false,default
574,2868,false,default
574,1060,false,default
574,2436,false,default
574,2205,false,default
574,2348,false,default
574,3085,false,default
574,2239,false,default
575,12,true,2024-04-04 15:22:47
575,3549,true,2024-03-28 15:22:47
575,1642,true,2024-04-09 15:22:47
575,1892,true,2024-04-12 15:22:47
575,3414,true,2024-04-04 15:22:47
575,2258,true,2024-04-09 15:22:47
575,596,true,2024-04-21 15:22:47
575,397,true,2024-04-28 15:22:47
575,1113,true,2024-03-16 15:22:47
575,327,true,2024-04-14 15:22:47
575,1814,true,2024-04-07 15:22:47
576,2251,true,2025-09-06 19:17:15
576,1804,true,2025-10-08 19:17:15
576,1277,true,2025-09-07 19:17:15
576,3811,true,2025-10-15 19:17:15
576,2076,true,2025-10-07 19:17:15
576,1562,true,2025-10-12 19:17:15
576,2324,true,2025-09-10 19:17:15
576,1280,true,2025-09-02 19:17:15
576,2821,true,2025-10-23 19:17:15
577,1010,false,default
577,2855,true,2024-07-13 07:49:57
577,3805,false,default
577,1563,false,default
577,3642,false,default
577,2846,true,2024-07-24 07:49:57
577,183,true,2024-09-01 07:49:57
577,1439,true,2024-08-17 07:49:57
577,465,false,default
577,289,true,2024-08-13 07:49:57
578,849,true,2025-02-03 17:20:44
578,1726,false,default
578,1288,false,default
578,1019,true,2025-02-06 17:20:44
578,1683,true,2025-02-04 17:20:44
578,2906,true,2025-03-13 17:20:44
578,2653,true,2025-03-16 17:20:44
578,516,false,default
578,410,false,default
578,2109,true,2025-03-16 17:20:44
578,2373,false,default
579,3306,false,default
579,557,false,default
579,1224,false,default
579,2173,false,default
579,2378,true,2025-07-11 22:42:39
579,1025,false,default
579,733,true,2025-07-15 22:42:39
579,193,false,default
579,1202,true,2025-07-10 22:42:39
579,3771,false,default
579,1542,true,2025-06-17 22:42:39
579,1537,false,default
580,1074,false,default
580,663,true,2025-03-20 03:30:03
580,59,true,2025-04-12 03:30:03
580,3360,true,2025-02-15 03:30:03
580,3238,true,2025-03-22 03:30:03
580,3815,false,default
580,1273,true,2025-03-14 03:30:03
580,1290,true,2025-04-05 03:30:03
581,905,false,default
581,788,true,2025-10-26 23:15:49
581,3201,true,2025-10-13 00:51:08
581,2075,true,2025-10-26 23:15:49
581,3299,true,2025-10-12 00:51:08
581,2493,true,2025-10-26 23:15:49
581,119,false,default
582,755,true,2024-02-05 01:07:38
582,3156,true,2024-02-05 01:07:38
582,1716,true,2024-01-20 01:07:38
582,1379,true,2024-01-12 01:07:38
582,2870,true,2024-02-26 01:07:38
583,2846,false,default
583,3818,false,default
583,2766,false,default
584,3505,false,default
584,765,false,default
584,486,false,default
584,717,false,default
584,624,false,default
584,1205,false,default
584,742,true,2024-09-05 22:38:06
584,3122,true,2024-08-10 22:38:06
584,3270,false,default
585,1644,true,2024-11-17 05:46:48
585,551,true,2024-12-22 05:46:48
585,3129,true,2024-12-18 05:46:48
585,1295,false,default
585,2512,true,2024-11-26 05:46:48
585,276,false,default
585,1599,false,default
585,114,false,default
585,425,false,default
585,324,false,default
586,246,false,default
586,26,true,2024-10-09 21:07:51
586,3115,true,2024-09-12 21:07:51
586,3705,true,2024-09-16 21:07:51
586,2199,true,2024-10-29 21:07:51
586,62,true,2024-09-09 21:07:51
586,444,true,2024-09-15 21:07:51
587,3615,true,2024-02-14 03:11:10
587,3858,true,2024-02-24 03:11:10
587,1468,true,2024-03-15 03:11:10
587,1819,false,default
587,3813,true,2024-02-27 03:11:10
587,3218,true,2024-02-25 03:11:10
587,3676,true,2024-03-29 03:11:10
587,56,true,2024-03-30 03:11:10
587,3814,false,default
587,3285,false,default
587,1120,true,2024-04-07 03:11:10
587,1828,true,2024-03-12 03:11:10
588,1762,true,2025-05-18 13:52:12
588,1417,false,default
588,2853,false,default
588,2412,true,2025-06-17 13:52:12
588,2989,true,2025-06-05 13:52:12
588,1581,false,default
588,3549,false,default
588,3083,false,default
589,1085,true,2025-07-31 14:59:01
589,3883,true,2025-07-24 14:59:01
589,2106,false,default
589,717,false,default
589,1269,false,default
590,1329,true,2024-01-22 21:27:31
590,3599,false,default
590,1038,true,2024-01-11 21:27:31
590,1483,false,default
590,3265,true,2024-01-14 21:27:31
590,3082,true,2024-02-05 21:27:31
591,2672,true,2023-12-06 04:48:53
591,1914,true,2024-01-25 04:48:53
591,1387,false,default
591,3031,false,default
591,597,false,default
591,3563,true,2024-01-11 04:48:53
591,807,false,default
591,3464,true,2023-12-25 04:48:53
592,2795,true,2025-09-26 13:49:55
592,3851,true,2025-09-05 13:49:55
592,2543,true,2025-08-27 13:49:55
592,3005,true,2025-09-07 13:49:55
592,3341,true,2025-10-20 13:49:55
592,348,true,2025-10-18 13:49:55
592,1847,true,2025-09-30 13:49:55
593,2807,true,2024-05-08 21:38:06
593,696,true,2024-05-13 21:38:06
593,3358,false,default
593,299,true,2024-06-06 21:38:06
593,3678,false,default
593,1945,false,default
593,1449,true,2024-06-01 21:38:06
593,2926,false,default
593,52,true,2024-05-04 21:38:06
593,2684,false,default
593,2224,true,2024-04-24 21:38:06
594,3248,true,2025-09-23 04:48:24
594,941,true,2025-10-03 04:48:24
594,1332,true,2025-09-03 04:48:24
594,2946,true,2025-09-06 04:48:24
594,2234,true,2025-09-08 04:48:24
594,2061,true,2025-09-10 04:48:24
594,3399,true,2025-08-27 04:48:24
594,594,true,2025-09-10 04:48:24
594,1093,true,2025-10-05 04:48:24
595,1415,false,default
595,706,true,2025-03-15 15:50:05
595,1143,true,2025-03-15 15:50:05
595,1041,true,2025-03-26 15:50:05
596,3357,false,default
596,2192,true,2025-09-27 23:53:36
596,3601,false,default
597,2469,true,2025-10-17 11:22:29
597,2538,true,2025-10-26 23:15:49
597,891,false,default
597,1845,true,2025-10-26 23:15:49
598,2199,false,default
598,1870,false,default
598,2058,true,2024-10-29 23:31:33
598,2100,false,default
599,1582,true,2025-10-26 23:15:49
599,3293,true,2025-10-04 17:25:37
599,2549,true,2025-10-12 17:25:37
599,2327,true,2025-10-20 17:25:37
599,2373,true,2025-10-10 17:25:37
599,1744,true,2025-09-28 17:25:37
599,2402,true,2025-10-26 23:15:49
599,2162,true,2025-10-01 17:25:37
599,2108,true,2025-10-26 23:15:49
599,3181,true,2025-10-26 23:15:49
599,635,true,2025-10-26 23:15:49
600,1562,true,2024-03-02 22:20:03
600,2911,true,2024-03-26 22:20:03
600,1035,true,2024-04-28 22:20:03
600,717,true,2024-04-22 22:20:03
600,1097,true,2024-03-11 22:20:03
600,542,true,2024-04-26 22:20:03
600,3706,true,2024-04-06 22:20:03
600,835,true,2024-03-14 22:20:03
600,3407,true,2024-03-12 22:20:03
600,2281,true,2024-04-03 22:20:03
600,2658,true,2024-04-25 22:20:03
